epoch,beta,learning_rate,model_saved,train_total_loss,train_reconstruction_loss,train_kl_loss,train_weighted_kl_loss,validation_total_loss,validation_reconstruction_loss,validation_kl_loss,validation_weighted_kl_loss
1,0.0001,0.0003,False,159533.17073341837,159326.76733418368,2064033.1607362085,206.4033084330267,141795.42260085576,141779.12064486553,163018.06032243275,16.301805650109475
2,0.016424489795918366,0.0003,False,131454.87279336734,129963.01140306123,90831.53890306123,1491.8617129703443,126896.44181693155,125627.6868123472,77247.7714700489,1268.755260663394
3,0.03274897959183674,0.0003,False,122944.30733418367,121153.92593112245,54669.845073341836,1790.3815856186225,138322.9012072127,136624.63607885086,51857.05986399756,1698.2657357288165
4,0.04907346938775511,0.0003,False,108890.37644132653,106548.11565688775,47729.67327168367,2342.260634367028,112160.53323655257,109595.44361246943,52270.39589700489,2565.089646169201
5,0.06539795918367347,0.0003,False,99937.46610969388,97028.83762755102,44475.83032206633,2908.6283715322065,104705.56322585575,102133.73319070904,39325.84783771394,2571.8300464881954
6,0.08172244897959184,0.0003,False,97582.59607780613,94488.95778698979,37855.43007653061,3093.6383358577805,99976.64944987775,97003.34080837408,36383.012301344745,2973.308757903232
7,0.09804693877551021,0.0003,False,95615.06095663266,92252.13889030612,34299.10335459184,3362.921995176977,101328.97493887531,98031.98013447433,33626.698330531784,3296.99473515816
8,0.11437142857142858,0.0003,False,95477.79822704081,91778.2087244898,32347.14733577806,3699.5893839684313,102282.92069070904,98657.06914731051,31702.42725206296,3625.8518155944375
9,0.13069591836734692,0.0003,False,95107.0075382653,91122.88802933674,30483.883895089286,3984.119363639987,102447.30058068459,98399.94643948655,30967.715029989304,4047.354122096577
10,0.1470204081632653,0.0003,True,95346.04539540816,91052.91378188775,29200.921953125,4293.131651387117,98935.62950794621,94731.06910910759,28598.47826730593,4204.560134999618
11,0.16334489795918367,0.0003,True,94598.20431760204,90055.21658801021,27812.240066964285,4542.987716438138,96386.9627903423,91866.06582365526,27676.999312347187,4520.896813875305
12,0.17966938775510205,0.0003,True,94332.46135204082,89563.69762117347,26541.880542091836,4768.763620854592,95581.09909841076,90849.93127292176,26332.63019559902,4731.16774192008
13,0.1959938775510204,0.0003,True,94009.64316964286,89110.2388010204,24997.743327487246,4899.404463089923,94573.08542176039,89785.83400825184,24425.51585899297,4787.25138724404
14,0.2123183673469388,0.0003,False,93740.67052933674,88555.80957270408,24420.220261479593,5184.861132015306,95845.2620339242,90472.28392420537,25306.232674969437,5372.977848267497
15,0.22864285714285715,0.0003,True,91246.08524234693,85560.93016581633,24864.783625637756,5685.15500916773,93289.28186124694,87355.49209199267,25952.21970507335,5933.789506609108
16,0.24496734693877553,0.0003,True,88425.7271875,82307.57653061225,24975.372901785715,6118.150695551658,92279.55447738386,86303.16247707824,24396.69062786522,5976.392410987164
17,0.26129183673469386,0.0003,False,89005.13950255101,82565.694375,24644.647710459183,6439.445157844388,94017.08232732274,87461.66994575184,25088.470445255196,6555.412411416947
18,0.27761632653061225,0.0003,False,88787.88301020408,82040.75785714286,24303.77618622449,6747.124954161352,94520.04668398533,87851.0903881418,24022.20603319835,6668.9565071535
19,0.29394081632653063,0.0003,True,88749.5284247449,81725.30570790816,23896.72567283163,7024.222964365434,89851.89148456602,82830.49549205379,23887.10948005807,7021.396339920156
20,0.31026530612244896,0.0003,False,88799.32517857142,81537.99713010204,23403.609618941326,7261.328023756378,96030.51413508557,88735.49151894865,23512.207680699878,7295.022226944529
21,0.32658979591836734,0.0003,True,88167.15164540816,80666.44697704082,22966.74500637755,7500.704485411352,89335.08114303178,81852.44275290343,22911.42722341076,7482.63826119346
22,0.3429142857142857,0.0003,False,88237.98902423469,80513.37732142858,22526.36347257653,7724.611786511479,92475.24243581908,84872.46454767726,22171.074104141197,7602.777976486094
23,0.3592387755102041,0.0003,False,88448.03367346938,80504.73520408163,22111.47292729592,7943.298431919643,91145.27937805624,83444.86029187041,21435.377932075182,7700.418907109566
24,0.3755632653061225,0.0003,False,87789.19590242347,79621.0731760204,21748.993177614797,8168.122863520408,96809.0602460269,88824.31263371027,21260.72556444835,7984.747478606357
25,0.3918877551020408,0.0003,False,88724.00939413265,80354.40487244898,21357.147369260205,8369.604529655613,93247.20220812959,84814.92305929096,21517.077465999388,8432.279232407549
26,0.4082122448979592,0.0003,False,87277.825625,78674.76019132652,21074.980851403063,8603.065233577807,90823.5935207824,82258.88199113692,20981.025266465465,8564.711410261309
27,0.4245367346938776,0.0003,False,87694.40583545918,78896.13825892858,20724.39600765306,8798.267405931123,95817.59883099022,86969.82514517115,20841.00807514517,8847.773504355135
28,0.4408612244897959,0.0003,False,88084.9746747449,79101.38944515307,20377.35434630102,8983.58540497449,92347.6796875,83631.04133557457,19771.84183030257,8716.638382965311
29,0.4571857142857143,0.0003,False,88148.87710459184,78944.20843112245,20133.325140306122,9204.668664700255,95942.4624465159,87123.1152773533,19290.513542940098,8819.347271832978
30,0.4735102040816327,0.0003,True,88437.28404336734,79052.6655867347,19819.252552614795,9384.618357780611,90771.17638294621,81366.95847341076,19860.644569452936,9404.217876107885
31,0.4898346938775511,0.0003,False,87519.55917729592,77918.97338010203,19599.644599808675,9600.585923150511,91537.60731204157,81879.38947891198,19717.300714394867,9658.218050408772
32,0.5061591836734695,0.0003,False,87702.87738520408,77889.20118622448,19388.51714285714,9813.676082589285,95204.30340770171,85744.55615831296,18689.272854905255,9459.747153881419
33,0.5224836734693877,0.0003,True,87825.6050255102,77839.44523596938,19112.86567283163,9986.15975526148,90953.10927949267,80977.62039654645,19092.44190766351,9975.488687156174
34,0.5388081632653061,0.0003,True,87743.9641390306,77553.7768877551,18912.458852040818,10190.187284757652,90002.40993658314,79826.1431081907,18886.62295614303,10176.266709008252
35,0.5551326530612245,0.0003,False,88294.29100127552,77868.7019005102,18780.35778380102,10425.589363839286,91561.68503591076,81247.80390433986,18579.129832671148,10313.881105306387
36,0.5714571428571429,0.0003,True,87882.16722576531,77244.62427295919,18614.769477040816,10637.543066007653,90119.67878973106,79578.30019865526,18446.490420614304,10541.378817905716
37,0.5877816326530613,0.0003,True,88181.0282302296,77367.76632334184,18396.734224330357,10813.262036830358,89448.65334657702,78642.64517114914,18384.39275481357,10806.007970087103
38,0.6041061224489795,0.0003,False,87609.92110969388,76587.27210459183,18246.213064413267,11022.649114317603,91010.12016732885,80160.24507182151,17960.214232503055,10849.875506188875
39,0.6204306122448979,0.0003,False,88450.104375,77261.14608418367,18034.182484056124,11188.958448660715,92190.0743047066,80645.88630806845,18606.735368276284,11544.187791297372
40,0.6367551020408163,0.0003,False,88127.36710459183,76739.19142219388,17884.702377232144,11388.175593909438,91390.84132411369,79832.85964242053,18151.376757334965,11557.98187032014
41,0.6530795918367347,0.0003,False,88068.73852040817,76489.60248086735,17730.053638392856,11579.135793207908,90689.17636384474,79027.90655562347,17855.817437729216,11661.269574228301
42,0.6694040816326531,0.0003,False,88043.49890306122,76302.12785714286,17540.034418048468,11741.370764508929,91070.23878743888,79131.62797982885,17834.68490220049,11938.611020113845
43,0.6857285714285715,0.0003,False,87924.99203443878,75993.10744897959,17400.303263711736,11931.884716996174,90896.32873624694,79058.94021240831,17262.49914998472,11837.388519063265
44,0.7020530612244898,0.0003,False,88696.65266581632,76611.55197704081,17213.94203125,12085.100857780611,91194.83759932763,78889.03218597188,17528.31217527506,12305.805336949878
45,0.7183775510204082,0.0003,False,88315.08198341836,76056.57309311224,17064.15964445153,12258.508853635203,93074.63607885086,80664.20753743888,17275.63633672066,12410.428997459505
46,0.7347020408163266,0.0003,False,88225.87866709183,75790.71288903062,16925.453954081633,12435.165740593113,93780.34180165037,81797.80279645477,16309.386093176956,11982.539396775672
47,0.751026530612245,0.0003,False,89431.10279336735,76875.48445790817,16717.943067602042,12555.618463010203,94126.03000840465,81777.68268643031,16441.959299549206,12348.347345851162
48,0.7673510204081633,0.0003,True,89400.11583545919,76663.93996811224,16597.58741390306,12736.175837850766,90970.22490067237,77962.4608228912,16951.517325030563,13007.764275958894
49,0.7836755102040817,0.0003,False,89584.35366071429,76694.17867346939,16448.35781090561,12890.174905133928,94201.15582976773,81303.23179630196,16458.246146279034,12897.924095545537
50,0.8,0.0003,False,89766.31220663265,76772.2183067602,16242.617581313776,12994.094228316326,92903.58719819682,79412.63753056235,16863.687385391197,13490.950102192848
51,0.8,0.0003,False,88718.43792729592,75684.48987882653,16292.435046237244,13033.948226243623,93457.83351161369,80317.390625,16425.553106853607,13140.442731414272
52,0.8,0.0003,False,88910.27821428572,75910.34747767857,16249.91328762755,12999.930833864795,92299.07562270782,78995.99446057457,16628.851509970966,13303.081424778424
53,0.8,0.0003,False,88500.31961734693,75464.87281887756,16294.30863042092,13035.44708864796,91906.13942160759,78311.12205837408,16993.77185207824,13595.017644980135
54,0.8,0.0003,False,88660.20460459184,75644.23771683674,16269.958619260204,13015.967107780612,91758.51195751833,78565.8902238692,16490.777085880196,13192.621848257946
55,0.8,0.0003,False,87958.18909757653,74938.5919132653,16274.496589604592,13019.597443399234,91727.26650366749,78774.44133939486,16191.030920499694,12952.824963707213
56,0.8,0.0003,True,88307.70084821428,75267.84440369898,16299.820615433673,13039.856714764031,90965.04758175428,77762.40046225551,16503.308803866137,13202.64726275978
57,0.8,0.0003,False,88503.56726403061,75478.14090561225,16281.78271364796,13025.426386320152,92415.46557915647,79330.89326100245,16355.715158924206,13084.572313378667
58,0.8,0.0003,False,87856.02227678572,74831.59381377551,16280.535592315051,13024.428652742346,92663.7479179401,79649.6169582824,16267.664100702934,13014.13143241901
59,0.8,0.00015,False,88187.270625,75186.69703443878,16250.716881377552,13000.573710140307,93880.16717603912,81106.87704385696,15966.612650901588,12773.290327972189
60,0.8,0.00015,True,86518.48099489795,73378.17066326531,16425.387779017856,13140.310416932398,90268.34783771394,77361.45398456602,16133.61673384016,12906.893623930318
61,0.8,0.00015,True,86187.09630102041,73048.19267857143,16423.629690688776,13138.903942123725,89671.64203850855,76594.24766962102,16346.743118696515,13077.394684061735
62,0.8,0.00015,False,86593.91485331632,73474.78786989796,16398.908812181122,13119.127235331633,89843.69643948655,76979.3222799511,16080.468205608191,12864.37478033313
63,0.8,0.00015,True,86270.3206632653,73180.70323341836,16362.021954719388,13089.617740353953,89727.52779263447,76534.32585192543,16491.502244422372,13193.202040991748
64,0.8,0.00015,True,86076.32807397959,72950.55924744898,16407.210867346937,13125.76888791454,89473.60563111247,76478.37939333741,16244.032367435819,12995.226065861858
65,0.8,0.00015,True,86049.40679209183,72924.28283163265,16406.404776785716,13125.123997130102,89501.11451329463,76272.53621638141,16535.722661025367,13228.57833034077
66,0.8,0.00015,True,86400.0374872449,73277.18125,16403.57022799745,13122.856386320153,89235.04374235941,76162.91549511002,16340.160356815404,13072.128443039426
67,0.8,0.00015,False,85841.0609375,72740.98076530613,16375.100419323979,13100.080523756378,89694.41704232885,76747.71491060514,16183.377827017115,12946.70240391962
68,0.8,0.00015,True,86388.1262755102,73291.53739158163,16370.736141581632,13096.589099170918,88844.57399908314,75875.83943306845,16210.918240945904,12968.73477135544
69,0.8,0.00015,False,85973.06443239796,72787.60910714285,16481.81921077806,13185.455569993623,89158.70268566626,76009.22843444376,16436.84292863692,13149.4745377445
70,0.8,0.00015,False,86299.88392219388,73131.29908163265,16460.731130420918,13168.585073341837,89438.07657778118,76069.85756036063,16710.273370644867,13368.218888485635
71,0.8,0.00015,False,85830.35306760205,72563.67670280613,16583.345599489796,13266.676665338011,89453.07017878973,76210.12633710269,16553.67958244193,13242.943870339242
72,0.8,0.00015,True,86103.74223214286,72783.78386479591,16649.948019770407,13319.958616071428,88882.3756876528,75392.3982082824,16862.471682075182,13489.97757487775
73,0.8,0.00015,True,85534.26095663266,72069.4325,16831.035663265306,13464.828720503827,88690.13527658924,75109.29800198655,16976.046693536064,13580.837561124694
74,0.8,0.00015,False,85599.12677933673,71972.82367984694,17032.879174107144,13626.30352997449,88980.7266198044,75223.37381570904,17196.69110062653,13757.353052414426
75,0.8,0.00015,False,85319.55279336734,71579.44176020408,17175.138769132653,13740.111214126275,89519.9881952934,75429.64551497555,17612.92837904951,14090.342909535453
76,0.8,0.00015,True,85172.01825892857,71153.84136479592,17522.721061862245,14018.17702088648,88339.92773915037,73891.4282930929,18060.624484260392,14448.49976600703
77,0.8,0.00015,True,85095.06830676021,70866.85434948979,17785.267576530612,14228.21424346301,87900.55432457212,73700.58950947433,17749.956095278118,14199.965068192238
78,0.8,0.00015,False,84910.22365114796,70592.41686862244,17897.25836176658,14317.806874202806,88022.6505768643,73809.12626069682,17766.905223296148,14213.524383022615
79,0.8,0.00015,True,84444.62727678572,70102.9546619898,17927.090591517856,14341.672700095663,87769.38271699267,73538.85205913814,17788.163040571515,14230.530638753056
80,0.8,0.00015,False,84746.39112882654,70362.41846301021,17979.966061862244,14383.973025350766,88032.47237927873,73819.41171301957,17766.3261002445,14213.061076940709
81,0.8,0.00015,True,84494.12637117346,70092.02440688775,18002.627581313776,14402.102256058673,88057.17642114914,73515.02714318459,18177.68678369499,14542.149664769255
82,0.8,0.00015,True,84615.28194515307,70210.33013392857,18006.190060586734,14404.95223453444,87369.15867588631,72937.8337408313,18039.156364608803,14431.325302758252
83,0.8,0.00015,False,84456.66019451531,69984.83817920918,18089.777680165815,14471.822320631378,87877.88279339853,73487.83964318459,17987.554195637225,14390.043589547677
84,0.8,0.00015,False,84578.58168367347,70104.76769770408,18092.267061543367,14473.813848852042,87926.01598792788,73408.25296072739,18147.20399411675,14517.763404454463
85,0.8,0.00015,True,83997.91399234693,69518.80364795918,18098.887928890304,14479.110562818878,87001.43830226161,72553.03831754279,18060.500420232274,14448.400567313569
86,0.8,0.00015,False,84110.50564413266,69634.84776147958,18094.572426658164,14475.658130580357,88728.25103147922,74750.61449419316,17472.045528346578,13977.636642344132
87,0.8,0.00015,True,84057.59415816327,69564.09321428572,18116.87633609694,14493.501272321428,86994.32017878973,72346.7247096577,18309.49437461797,14647.595698349633
88,0.8,0.00015,False,84027.45723852041,69544.72516581633,18103.414905931124,14482.73215481505,86974.9431158313,72716.84428484108,17822.623405027505,14258.09888829462
89,0.8,0.00015,False,83725.60186862246,69218.84142857142,18133.450570790817,14506.760662468112,86995.33507793398,72521.09974786063,18092.794468215157,14474.235778957824
90,0.8,0.00015,False,83841.78093112246,69318.34600765306,18154.2935283801,14523.435030293367,87041.10633786675,72444.49142344132,18245.768757640588,14596.6152200489
91,0.8,0.00015,False,84066.21834821429,69545.53068877551,18150.859784757653,14520.688022959184,87671.51503285453,72958.44248548288,18391.34078449725,14713.072771813875
92,0.8,0.00015,False,84134.2192697704,69583.1962372449,18188.778864795917,14551.023275669642,88198.03839394865,73371.04555699878,18533.74117512225,14826.99317122555
93,0.8,0.00015,True,83831.9569387755,69280.98720663265,18188.711988201532,14550.969811862245,86833.17028957824,72190.6032434291,18303.2089987011,14642.567442504584
94,0.8,0.00015,False,83889.2875382653,69328.41854910714,18201.086219706634,14560.8691796875,86763.07699801345,72262.78029492665,18125.370702169927,14500.296746065098
95,0.8,0.00015,False,83348.57385841837,68803.59956632653,18181.21759247449,14544.974309630103,88263.14987011002,74030.28277811735,17791.08344475856,14232.86698215923
96,0.8,0.00015,True,83472.35994260204,68926.44631377551,18182.39221460459,14545.913982780612,86574.51963630806,72017.06937652812,18196.812700565402,14557.450345736552
97,0.8,0.00015,False,83345.30703443878,68780.26228316326,18206.305624202807,14565.044730548469,87384.167825489,72581.22321974327,18503.680427681848,14802.94460574572
98,0.8,0.00015,False,83914.58536033164,69350.10271364795,18205.603490114794,14564.48299744898,87359.33637683374,73145.13886766504,17767.746786178177,14214.197623777505
99,0.8,0.00015,False,83621.91887117348,69049.64874362246,18215.3376434949,14572.27037228954,87495.01847111859,72883.07556540343,18264.92839815098,14611.94292004126
100,0.8,0.00015,False,83486.1605197704,68886.05077806122,18250.13707270408,14600.109879623724,86823.70444300122,72264.98659077018,18198.397501528118,14558.71819128209
101,0.8,0.00015,False,83760.90256377551,69157.65230229592,18254.062433035713,14603.250202487245,86779.63166641198,72047.61262224939,18415.023289463632,14732.018877024755
102,0.8,0.00015,True,83538.31707908164,68921.3933864796,18271.154634885203,14616.923946906887,86312.6819414731,71679.0874465159,18291.99317122555,14633.594709848716
103,0.8,0.00015,False,83563.90238520408,68945.34335459184,18273.19868622449,14618.559171715562,86569.31945293398,71842.84057915647,18408.098706830686,14726.479188951711
104,0.8,0.00015,False,83467.1790625,68839.64600765306,18284.416425382653,14627.533347417091,87680.6642917176,73127.09718826406,18191.958960498167,14553.567337446515
105,0.8,0.00015,False,83754.84070153061,69135.28979591836,18274.43855707908,14619.551060267857,86638.87818994498,71942.04811659535,18371.037114150367,14696.829910987164
106,0.8,0.00015,False,83632.10228954081,69010.40270408163,18277.124469068876,14621.699786352041,86904.98086033008,72623.6386575489,17851.677681845966,14281.342350817542
107,0.8,7.5e-05,False,83060.38302933674,68394.13383928571,18332.81111447704,14666.24912228954,87297.74602689486,72710.13718673594,18234.511007220353,14587.609026398228
108,0.8,7.5e-05,True,82711.51106505102,67965.68961734694,18432.27652742347,14745.821452487246,86209.55646393643,71483.13577322739,18408.025820408006,14726.420867397615
109,0.8,7.5e-05,True,82527.0803380102,67814.97864795919,18390.126865433675,14712.10171476403,85980.49679095355,71225.54066702323,18443.694906593828,14754.956166908618
110,0.8,7.5e-05,True,82417.74772321428,67706.38429528062,18389.204167729593,14711.363560267857,85932.0391198044,71076.59077017115,18569.310226925427,14855.448406937652
111,0.8,7.5e-05,False,82603.38806122448,67868.07639349489,18419.139585459183,14735.311882174745,85865.69974404034,71106.90823655257,18448.48911693918,14758.791493161674
112,0.8,7.5e-05,False,82575.05213010203,67849.74360331632,18406.63543367347,14725.308567442602,86415.5961185819,71677.01056311125,18423.231738997554,14738.585646202628
113,0.8,7.5e-05,False,82707.88578762756,67996.01547831633,18389.837704878828,14711.870369897959,86027.92034688265,71222.03163202934,18507.360554515588,14805.888667099633
114,0.8,7.5e-05,True,82303.53774234693,67569.78262117346,18417.193765943877,14733.755250318878,85792.49537744498,71020.47415571516,18465.026092603912,14772.021068918093
115,0.8,7.5e-05,False,82502.10901785715,67776.9315752551,18406.471415816326,14725.177383609695,86085.50571133863,71179.32090464547,18632.73085077934,14906.184926077323
116,0.8,7.5e-05,False,82734.20964285714,68005.2580867347,18411.18948820153,14728.951794483419,86037.62660452323,71360.68379431541,18346.17836949878,14676.942900939792
117,0.8,7.5e-05,False,82242.06316964286,67512.5549872449,18411.885095663267,14729.508311543368,85921.55806845966,71216.20186430318,18381.695431884167,14705.356538432152
118,0.8,7.5e-05,False,82553.9243877551,67834.47897959183,18399.306485969388,14719.445389030612,85948.32000687653,71108.59101849022,18549.661765548593,14839.729604408618
119,0.8,7.5e-05,False,82426.44042091837,67681.25196428571,18431.485286989795,14745.188467793367,86084.78285452323,71511.31689333741,18216.83239895324,14573.46613787439
120,0.8,7.5e-05,True,82585.51297831633,67850.79468112245,18418.39780213648,14734.71848294005,85730.4671836797,71000.32319682151,18412.679845087103,14730.144096691625
121,0.8,3.75e-05,False,82647.1518239796,67914.13719706633,18416.268215880104,14733.014785554848,85928.67363233496,71210.03869957212,18398.293384206907,14718.634923212103
122,0.8,3.75e-05,True,82337.9388392857,67559.76167091836,18472.721361607142,14778.177297512755,85433.5774373472,70671.06185055012,18453.144698387838,14762.515983152505
123,0.8,3.75e-05,False,82133.59823022959,67315.10398278061,18523.11751594388,14818.494215561224,85463.03531861247,70693.66457823961,18461.71337293704,14769.37088840923
124,0.8,3.75e-05,False,82273.40891581633,67478.97599489796,18493.04107302296,14794.433053252551,85430.02422066014,70712.09485788508,18397.41179897616,14717.9296588478
125,0.8,3.75e-05,True,82058.16117028061,67274.03565369899,18480.156729910716,14784.12558992347,85367.60853453545,70502.26929248167,18581.673761269867,14865.339218176956
126,0.8,3.75e-05,False,82150.110625,67370.76438137755,18474.182688137756,14779.34635682398,85501.36418856969,70698.77783083741,18503.23309520171,14802.58671588478
127,0.8,3.75e-05,False,81838.89034438775,67047.6749872449,18489.019145408165,14791.215539700255,85446.62318536063,70570.61067389976,18595.015176115525,14876.012353873777
128,0.8,3.75e-05,False,82009.98936862245,67221.92930484694,18485.07463807398,14788.059972895408,85535.6392305929,70695.44342145477,18550.244546531172,14840.195861667176
129,0.8,3.75e-05,False,82183.57168686224,67404.66691964286,18473.630914381378,14778.904952168368,85418.67462561125,70707.308450489,18389.20747058374,14711.366237202017
130,0.8,3.75e-05,False,81786.25862244898,67012.79423469388,18466.83035554847,14773.464513711735,85396.65027124083,70529.44414731051,18584.00748777506,14867.206214662287
131,0.8,3.75e-05,False,82043.42713010203,67244.71442602041,18498.390752551022,14798.712828443877,85375.31444834963,70545.75504278729,18536.948979981662,14829.559381685513
132,0.8,3.75e-05,False,81909.21161352041,67120.77005580357,18485.55169642857,14788.44157166773,85381.08131494498,70723.00939792176,18322.58953812653,14658.071835841993
133,0.8,1.875e-05,False,82069.64909438776,67271.81897959183,18497.287675382653,14797.830326052295,85439.925637989,70524.72346806235,18644.00249751681,14915.202212904951
134,0.8,1.875e-05,True,81694.99020408164,66908.87705357143,18482.641355229593,14786.113282844388,85249.37167634474,70386.79410528729,18578.221424205378,14862.57734661522
135,0.8,1.875e-05,True,81727.35019132654,66901.56241071428,18532.234672353316,14825.787963169643,85183.42964929706,70296.29250076406,18608.921378361858,14887.13729179401
136,0.8,1.875e-05,False,81322.5357015306,66515.55571109694,18508.72461734694,14806.97991031569,85219.98047830073,70412.5023685819,18509.34749388753,14807.478233878363
137,0.8,1.875e-05,False,81824.4341262755,67017.75339923469,18508.350742984694,14806.68082828444,85179.58307227996,70354.01451711492,18531.9609518261,14825.568951520478
138,0.8,1.875e-05,False,81765.79462372449,66949.96540816326,18519.78625159439,14815.829227519132,85233.12605058069,70441.76184290953,18489.204930088632,14791.364193345049
139,0.8,1.875e-05,False,81741.70172831633,66935.7895440051,18507.390169005103,14805.912362085459,85221.47740296455,70408.64925886308,18516.035075068765,14812.828301688569
140,0.8,1.875e-05,False,81673.35455357142,66862.48911989796,18513.58164700255,14810.865530931122,85176.86044468216,70321.2363424511,18569.52993199878,14855.624154760086
141,0.8,1.875e-05,False,81871.37845663265,67064.31697704081,18508.826878188775,14807.06172512755,85185.74188187653,70357.55713248778,18535.230917634475,14828.184930852689
142,0.8,1.875e-05,False,81549.3031122449,66753.0062117347,18495.370998086735,14796.297052774235,85206.7072891198,70372.44292481663,18542.83055088631,14834.264636499083
143,0.8,1.875e-05,False,81726.023125,66913.6718494898,18515.438759566325,14812.351251594388,85178.01466992665,70393.02431616749,18481.23788489456,14784.990501795537
144,0.8,1.875e-05,True,82088.86214604593,67281.58812181122,18509.092468112245,14807.274195232781,85132.1841381418,70265.08488691931,18583.873729752446,14867.099246447127
145,0.8,1.875e-05,False,81618.01043367347,66828.4489572704,18486.951830357142,14789.561662149235,85144.83433297677,70290.20832059902,18568.28199495721,14854.625902544316
146,0.8,1e-05,False,81394.87151147959,66590.51730229592,18505.442662627553,14804.354388552296,85177.0952590159,70286.01615984108,18613.848725932152,14891.079199457517
147,0.8,1e-05,True,81657.7307684949,66829.72546556122,18535.00635921556,14828.005318080357,85070.74474709657,70239.85200183374,18538.61579309291,14830.892864647005
148,0.8,1e-05,False,81654.26709502551,66822.08417729592,18540.22836575255,14832.182932876276,85082.42414807457,70246.81842145477,18544.507124847187,14835.605931960574
149,0.8,1e-05,False,81705.3787372449,66910.04414540816,18494.16803252551,14795.3346875,85085.98687729218,70264.33956677873,18527.058526894867,14821.647066969743
150,0.8,1e-05,True,81537.67079719387,66722.22265943878,18519.310137117347,14815.448329081633,85063.95392726161,70196.01413508557,18584.92446324878,14867.939768299206
151,0.8,1e-05,False,81415.91429209184,66598.24729910714,18522.083609693876,14817.667110172193,85107.17655485941,70274.88909688265,18540.35918398533,14832.287615563875
152,0.8,1e-05,False,81618.0481377551,66809.18433035714,18511.079540816325,14808.863872767857,85068.21080378973,70233.79828850855,18543.015529492666,14834.412663317542
153,0.8,1e-05,True,81386.92220663265,66577.91793367347,18511.254955357144,14809.004202806122,85063.86558297677,70192.73630424816,18588.911221156784,14871.129178445904
154,0.8,1e-05,False,81513.75500637756,66687.01322066327,18533.426914859694,14826.74173947704,85069.61092221882,70235.34457136308,18542.832480134475,14834.26622669621
155,0.8,1e-05,False,81435.27996811224,66619.28598214286,18519.99252710459,14815.994221938776,85048.2828163203,70248.17393795843,18500.136222111858,14800.109231738998
156,0.8,1e-05,False,81506.06669005103,66677.62023915816,18535.557739158165,14828.44642059949,85037.75275061125,70211.46221729829,18532.863424511,14826.2909439945
157,0.8,1e-05,False,81348.14880739796,66546.73985969387,18501.760931122448,14801.408978794643,85054.7056081907,70274.46750840465,18475.29741461644,14780.238161865831
158,0.8,1e-05,False,81346.37270408163,66507.72978316326,18548.30337372449,14838.642945631378,85078.27817466382,70248.27800275061,18537.500004775367,14830.00023399297
159,0.8,1e-05,True,81567.60739158164,66747.50197385204,18525.13166135204,14820.105537308673,85017.58864990831,70153.76629355135,18579.77750611247,14863.8221939945
160,0.8,1e-05,False,81642.6793877551,66804.49208545918,18547.734022640307,14838.187436224489,85068.68782472494,70280.79538508557,18484.864885773226,14787.892148341993
161,0.8,1e-05,False,81723.39379464286,66892.85989955357,18538.16710538903,14830.53393096301,85047.22115678484,70250.28270171149,18496.17268203698,14796.938373892115
162,0.8,1e-05,False,81811.18471938776,66996.08538903062,18518.874040178573,14815.099447544642,85073.7149297066,70254.62041564792,18523.867899029647,14819.094509283314
163,0.8,1e-05,False,81411.30915816326,66583.82511160715,18534.355009566327,14827.484227519133,85059.62937423594,70311.918112011,18434.638896317236,14747.711357732274
164,0.8,1e-05,False,81496.88693877551,66680.37368622448,18520.641393494898,14816.513323501276,85009.08198349633,70226.68639211492,18477.99453698044,14782.395820599022
165,0.8,1e-05,False,81373.90591517858,66549.54491709184,18530.450837850763,14824.36092713648,85012.79009397922,70169.82012148533,18553.71225550122,14842.970053675122
166,0.8,1e-05,False,81426.44529336735,66587.9593494898,18548.107484056123,14838.486216517857,85058.59844896088,70212.40082518337,18557.746657243275,14846.197614226772
167,0.8,1e-05,False,81565.21810586735,66752.46173469388,18515.945283801022,14812.756446906888,85033.68730898533,70190.95471042176,18553.415815059598,14842.732842107274
168,0.8,1e-05,False,81625.75368622449,66818.9034375,18508.56250797194,14806.850258290817,85012.73804248167,70212.20507334963,18500.666201864304,14800.533179248167
169,0.8,1e-05,False,81516.95917410715,66702.18482142857,18518.467688137756,14814.774396524235,85011.86961338631,70210.11269865526,18502.195742283006,14801.756819223716
170,0.8,1e-05,False,81366.1186989796,66528.58761479592,18546.91346619898,14837.530991709184,85021.31826864304,70193.35654798288,18534.952628361858,14827.962308030257
171,0.8,1e-05,False,81267.19186862245,66439.60858737245,18534.478909438774,14827.583385682397,85014.63896317237,70245.29334122861,18461.682204118275,14769.345989647005
172,0.8,1e-05,True,81466.638125,66650.63861607143,18519.998974808674,14815.99938137755,85000.94796760392,70102.96107121027,18622.483286216382,14897.986872516809
173,0.8,1e-05,False,81664.02784119899,66837.62358737245,18533.005302933674,14826.404453922194,84992.48000076406,70166.52586338631,18532.442585765588,14825.95429974022
174,0.8,1e-05,False,81297.84620854592,66475.77887755103,18527.583856823978,14822.067336575255,85032.59608037898,70211.96496790953,18525.78931081907,14820.631685513448
175,0.8,1e-05,False,81495.55665178571,66670.77093112245,18530.982197066325,14824.785996492346,84990.69145400367,70136.06028422982,18568.289138905868,14854.631480172677
