image_filename,true_class,predicted_class,probability_very_small,probability_small,probability_medium,probability_large
2025-08-07/IMG_9086.JPG,Small,Small,0.02666666666666667,0.9333333333333333,0.04,0.0
2025-08-07/IMG_9089.JPG,Very Small,Very Small,0.8633333333333333,0.12666666666666668,0.006666666666666667,0.0033333333333333335
2025-08-07/IMG_9090.JPG,Very Small,Very Small,0.7633333333333333,0.21,0.02666666666666667,0.0
2025-08-07/IMG_9091.JPG,Small,Small,0.24666666666666667,0.73,0.023333333333333334,0.0
2025-08-07/IMG_9093.JPG,Small,Small,0.18,0.8166666666666667,0.0033333333333333335,0.0
2025-08-07/IMG_9097.JPG,Small,Small,0.13555555555555554,0.8277777777777778,0.03666666666666667,0.0
2025-08-07/IMG_9098.JPG,Medium,Medium,0.15833333333333333,0.16666666666666666,0.675,0.0
2025-08-07/IMG_9100.JPG,Small,Small,0.09333333333333334,0.8333333333333334,0.07,0.0033333333333333335
2025-08-07/IMG_9101.JPG,Medium,Medium,0.14,0.17,0.69,0.0
2025-08-07/IMG_9103.JPG,Small,Small,0.12666666666666668,0.8366666666666667,0.03333333333333333,0.0033333333333333335
2025-08-07/IMG_9104.JPG,Small,Small,0.07,0.88,0.05,0.0
2025-08-07/IMG_9105.JPG,Small,Small,0.14680555555555555,0.8231944444444445,0.023333333333333334,0.006666666666666667
2025-08-07/IMG_9106.JPG,Very Small,Very Small,0.8333333333333334,0.16,0.006666666666666667,0.0
2025-08-07/IMG_9107.JPG,Small,Small,0.07,0.9166666666666666,0.013333333333333334,0.0
2025-08-07/IMG_9108.JPG,Small,Small,0.11458333333333333,0.82875,0.056666666666666664,0.0
2025-08-07/IMG_9109.JPG,Small,Small,0.2,0.75,0.043333333333333335,0.006666666666666667
2025-08-07/IMG_9110.JPG,Small,Small,0.2,0.7633333333333333,0.03666666666666667,0.0
2025-08-07/IMG_9111.JPG,Very Small,Very Small,0.7333333333333333,0.24333333333333335,0.023333333333333334,0.0
2025-08-07/IMG_9113.JPG,Very Small,Very Small,0.9066666666666666,0.08666666666666667,0.006666666666666667,0.0
2025-08-07/IMG_9114.JPG,Very Small,Very Small,0.7333333333333333,0.19,0.07,0.006666666666666667
2025-08-07/IMG_9115.JPG,Small,Small,0.06333333333333334,0.8566666666666667,0.08,0.0
2025-08-07/IMG_9116.JPG,Small,Small,0.08333333333333333,0.8,0.11333333333333333,0.0033333333333333335
2025-08-07/IMG_9117.JPG,Small,Small,0.06,0.8366666666666667,0.09,0.013333333333333334
2025-08-07/IMG_9118.JPG,Very Small,Very Small,0.7166666666666667,0.16333333333333333,0.06666666666666667,0.05333333333333334
2025-08-07/IMG_9120.JPG,Small,Small,0.11,0.8066666666666666,0.08,0.0033333333333333335
2025-08-07/IMG_9121.JPG,Small,Small,0.07728174603174603,0.8693849206349207,0.05333333333333334,0.0
2025-08-07/IMG_9122.JPG,Medium,Medium,0.09666666666666666,0.18333333333333332,0.72,0.0
2025-08-07/IMG_9124.JPG,Small,Small,0.02,0.9263888888888888,0.050277777777777775,0.0033333333333333335
2025-08-07/IMG_9125.JPG,Small,Small,0.05,0.9266666666666666,0.023333333333333334,0.0
2025-08-07/IMG_9126.JPG,Small,Small,0.14013888888888887,0.8265277777777779,0.023333333333333334,0.01
2025-08-07/IMG_9127.JPG,Very Small,Very Small,0.73,0.24333333333333335,0.02666666666666667,0.0
2025-08-07/IMG_9128.JPG,Medium,Medium,0.12333333333333334,0.19333333333333333,0.6833333333333333,0.0
2025-08-07/IMG_9129.JPG,Very Small,Very Small,0.7766666666666666,0.20666666666666667,0.013333333333333334,0.0033333333333333335
2025-08-07/IMG_9131.JPG,Very Small,Very Small,0.7533333333333333,0.20666666666666667,0.03666666666666667,0.0033333333333333335
2025-08-07/IMG_9132.JPG,Small,Small,0.1,0.86,0.04,0.0
2025-08-07/IMG_9133.JPG,Small,Small,0.10333333333333333,0.8733333333333333,0.023333333333333334,0.0
2025-08-07/IMG_9134.JPG,Small,Small,0.1288888888888889,0.8011111111111111,0.056666666666666664,0.013333333333333334
2025-08-07/IMG_9136.JPG,Very Small,Very Small,0.6866666666666666,0.24666666666666667,0.06666666666666667,0.0
2025-08-07/IMG_9137.JPG,Small,Small,0.09666666666666666,0.8866666666666667,0.016666666666666666,0.0
2025-08-07/IMG_9139.JPG,Small,Small,0.15333333333333332,0.8266666666666667,0.016666666666666666,0.0033333333333333335
2025-08-07/IMG_9140.JPG,Very Small,Very Small,0.7,0.2866666666666667,0.01,0.0033333333333333335
2025-08-07/IMG_9141.JPG,Very Small,Very Small,0.82,0.16,0.02,0.0
2025-08-07/IMG_9143.JPG,Very Small,Very Small,0.79,0.19,0.013333333333333334,0.006666666666666667
2025-08-07/IMG_9144.JPG,Very Small,Very Small,0.8566666666666667,0.13666666666666666,0.006666666666666667,0.0
2025-08-07/IMG_9145.JPG,Small,Small,0.12666666666666668,0.8497222222222222,0.023611111111111114,0.0
2025-08-07/IMG_9146.JPG,Medium,Medium,0.05,0.19,0.7566666666666667,0.0033333333333333335
2025-08-07/IMG_9147.JPG,Small,Small,0.20047619047619047,0.7361904761904762,0.06,0.0033333333333333335
2025-08-07/IMG_9148.JPG,Very Small,Very Small,0.8133333333333334,0.18,0.006666666666666667,0.0
2025-08-07/IMG_9149.JPG,Small,Small,0.12666666666666668,0.8566666666666667,0.016666666666666666,0.0
2025-08-07/IMG_9150.JPG,Very Small,Very Small,0.8233333333333334,0.12666666666666668,0.03333333333333333,0.016666666666666666
2025-08-07/IMG_9153.JPG,Small,Small,0.04347222222222222,0.8665277777777777,0.07666666666666666,0.013333333333333334
2025-08-07/IMG_9155.JPG,Small,Small,0.0839484126984127,0.8293849206349206,0.08666666666666667,0.0
2025-08-07/IMG_9157.JPG,Small,Small,0.20680555555555555,0.7798611111111111,0.013333333333333334,0.0
2025-08-07/IMG_9159.JPG,Small,Small,0.29,0.7033333333333334,0.006666666666666667,0.0
2025-08-07/IMG_9160.JPG,Small,Small,0.17666666666666667,0.82,0.0033333333333333335,0.0
2025-08-07/IMG_9161.JPG,Very Small,Very Small,0.84,0.15333333333333332,0.0033333333333333335,0.0033333333333333335
2025-08-07/IMG_9162.JPG,Very Small,Very Small,0.81,0.15666666666666668,0.03,0.0033333333333333335
2025-08-07/IMG_9164.JPG,Very Small,Very Small,0.8266666666666667,0.15666666666666668,0.016666666666666666,0.0
2025-08-07/IMG_9165.JPG,Very Small,Very Small,0.8044444444444445,0.18555555555555556,0.01,0.0
2025-08-07/IMG_9166.JPG,Small,Small,0.17333333333333334,0.7666666666666667,0.04666666666666667,0.013333333333333334
2025-08-07/IMG_9167.JPG,Very Small,Very Small,0.76,0.1,0.11333333333333333,0.02666666666666667
2025-08-07/IMG_9168.JPG,Small,Small,0.09666666666666666,0.82,0.08,0.0033333333333333335
2025-08-07/IMG_9170.JPG,Very Small,Very Small,0.8233333333333334,0.12,0.056666666666666664,0.0
2025-08-07/IMG_9171.JPG,Very Small,Very Small,0.7566666666666667,0.2,0.043333333333333335,0.0
2025-08-07/IMG_9172.JPG,Small,Small,0.11666666666666667,0.83,0.05333333333333334,0.0
2025-08-07/IMG_9175.JPG,Small,Small,0.07333333333333333,0.8133333333333334,0.11333333333333333,0.0
2025-08-07/IMG_9176.JPG,Medium,Medium,0.05333333333333334,0.20666666666666667,0.7366666666666667,0.0033333333333333335
2025-08-07/IMG_9177.JPG,Medium,Medium,0.06333333333333334,0.16333333333333333,0.7733333333333333,0.0
2025-08-07/IMG_9179.JPG,Small,Small,0.25333333333333335,0.7366666666666667,0.01,0.0
2025-08-07/IMG_9181.JPG,Small,Small,0.11703282828282825,0.8260732323232324,0.0568939393939394,0.0
2025-08-07/IMG_9182.JPG,Very Small,Very Small,0.7568055555555555,0.19319444444444445,0.05,0.0
2025-08-07/IMG_9183.JPG,Small,Small,0.10666666666666667,0.8633333333333333,0.03,0.0
2025-08-07/IMG_9184.JPG,Medium,Medium,0.016666666666666666,0.0906998556998557,0.8792207792207792,0.013412698412698413
2025-08-07/IMG_9185.JPG,Very Small,Very Small,0.8,0.18666666666666668,0.01,0.0033333333333333335
2025-08-07/IMG_9186.JPG,Small,Small,0.013333333333333334,0.9566666666666667,0.03,0.0
2025-08-07/IMG_9187.JPG,Small,Small,0.15666666666666668,0.81,0.03333333333333333,0.0
2025-08-07/IMG_9188.JPG,Small,Small,0.09,0.8533333333333334,0.056666666666666664,0.0
2025-08-07/IMG_9189.JPG,Very Small,Very Small,0.7933333333333333,0.17666666666666667,0.03,0.0
2025-08-07/IMG_9190.JPG,Very Small,Very Small,0.9533333333333334,0.043333333333333335,0.0033333333333333335,0.0
2025-08-07/IMG_9192.JPG,Small,Small,0.18666666666666668,0.7633333333333333,0.04666666666666667,0.0033333333333333335
2025-08-07/IMG_9193.JPG,Very Small,Very Small,0.9566666666666667,0.04,0.0033333333333333335,0.0
2025-08-07/IMG_9195.JPG,Very Small,Very Small,0.9133333333333333,0.08333333333333333,0.0033333333333333335,0.0
2025-08-07/IMG_9198.JPG,Medium,Medium,0.04,0.26666666666666666,0.69,0.0033333333333333335
2025-08-07/IMG_9200.JPG,Small,Small,0.08333333333333333,0.82,0.09333333333333334,0.0033333333333333335
2025-08-07/IMG_9203.JPG,Very Small,Very Small,0.9766666666666667,0.023333333333333334,0.0,0.0
2025-08-07/IMG_9204.JPG,Very Small,Very Small,0.9933333333333333,0.006666666666666667,0.0,0.0
2025-08-07/IMG_9206.JPG,Very Small,Very Small,0.9766666666666667,0.02,0.0033333333333333335,0.0
2025-08-07/IMG_9207.JPG,Very Small,Very Small,0.98,0.016666666666666666,0.0033333333333333335,0.0
2025-08-07/IMG_9211.JPG,Very Small,Very Small,0.9366666666666666,0.05333333333333334,0.01,0.0
2025-08-07/IMG_9212.JPG,Very Small,Very Small,0.9833333333333333,0.006666666666666667,0.01,0.0
2025-08-07/IMG_9213.JPG,Small,Small,0.0568939393939394,0.902878787878788,0.04022727272727273,0.0
2025-08-07/IMG_9217.JPG,Medium,Medium,0.043333333333333335,0.21333333333333335,0.7366666666666667,0.006666666666666667
2025-08-07/IMG_9218.JPG,Small,Small,0.11,0.8166666666666667,0.07333333333333333,0.0
2025-08-07/IMG_9219.JPG,Medium,Medium,0.043333333333333335,0.19666666666666666,0.7566666666666667,0.0033333333333333335
2025-08-07/IMG_9220.JPG,Small,Small,0.03333333333333333,0.7666666666666667,0.19666666666666666,0.0033333333333333335
2025-08-07/IMG_9221.JPG,Small,Small,0.02666666666666667,0.8237301587301588,0.1361904761904762,0.013412698412698413
2025-08-07/IMG_9222.JPG,Medium,Medium,0.04,0.13666666666666666,0.8233333333333334,0.0
2025-08-07/IMG_9223.JPG,Medium,Medium,0.04666666666666667,0.10666666666666667,0.8466666666666667,0.0
2025-08-07/IMG_9224.JPG,Medium,Medium,0.03666666666666667,0.09,0.8666666666666667,0.006666666666666667
2025-08-07/IMG_9225.JPG,Small,Small,0.07666666666666666,0.8833333333333333,0.04,0.0
2025-08-07/IMG_9226.JPG,Small,Small,0.13,0.84,0.023333333333333334,0.006666666666666667
2025-08-07/IMG_9227.JPG,Very Small,Very Small,0.8633333333333333,0.10666666666666667,0.02666666666666667,0.0033333333333333335
2025-08-07/IMG_9228.JPG,Medium,Medium,0.01,0.1706998556998557,0.7992207792207793,0.02007936507936508
2025-08-07/IMG_9229.JPG,Small,Small,0.013333333333333334,0.9097222222222221,0.07361111111111111,0.0033333333333333335
2025-08-07/IMG_9230.JPG,Very Small,Very Small,0.9533333333333334,0.043333333333333335,0.0033333333333333335,0.0
2025-08-07/IMG_9231.JPG,Small,Small,0.06666666666666667,0.9130555555555554,0.02027777777777778,0.0
2025-08-07/IMG_9232.JPG,Small,Small,0.056666666666666664,0.9066666666666666,0.03666666666666667,0.0
2025-08-07/IMG_9233.JPG,Very Small,Very Small,0.8133333333333334,0.17333333333333334,0.013333333333333334,0.0
2025-08-07/IMG_9234.JPG,Medium,Medium,0.01,0.21002525252525253,0.7733080808080808,0.006666666666666667
2025-08-07/IMG_9235.JPG,Medium,Medium,0.0033333333333333335,0.04736652236652237,0.885887445887446,0.06341269841269842
2025-08-07/IMG_9236.JPG,Medium,Medium,0.016666666666666666,0.09333333333333334,0.89,0.0
2025-08-07/IMG_9237.JPG,Medium,Medium,0.11666666666666667,0.10733333333333334,0.7526666666666667,0.023333333333333334
2025-08-07/IMG_9239.JPG,Small,Small,0.09666666666666666,0.88,0.016666666666666666,0.006666666666666667
2025-08-07/IMG_9240.JPG,Very Small,Very Small,0.92,0.07,0.01,0.0
2025-08-07/IMG_9241.JPG,Very Small,Very Small,0.9533333333333334,0.043333333333333335,0.0033333333333333335,0.0
2025-08-07/IMG_9242.JPG,Small,Small,0.12333333333333334,0.86,0.016666666666666666,0.0
2025-08-07/IMG_9243.JPG,Very Small,Very Small,0.9466666666666667,0.04666666666666667,0.0033333333333333335,0.0033333333333333335
2025-08-07/IMG_9244.JPG,Very Small,Very Small,0.9666666666666667,0.023333333333333334,0.01,0.0
2025-08-07/IMG_9245.JPG,Medium,Medium,0.013333333333333334,0.0703030303030303,0.8996969696969696,0.016666666666666666
2025-08-07/IMG_9247.JPG,Medium,Medium,0.01,0.16333333333333333,0.81,0.016666666666666666
2025-08-07/IMG_9248.JPG,Small,Small,0.04666666666666667,0.91,0.03333333333333333,0.01
2025-08-07/IMG_9249.JPG,Medium,Medium,0.0033333333333333335,0.06403318903318904,0.9192207792207793,0.013412698412698413
2025-08-07/IMG_9250.JPG,Small,Small,0.05,0.86,0.07333333333333333,0.016666666666666666
2025-08-07/IMG_9251.JPG,Medium,Medium,0.02356060606060606,0.1262121212121212,0.8168939393939394,0.03333333333333333
2025-08-07/IMG_9252.JPG,Small,Small,0.04,0.7433333333333333,0.20666666666666667,0.01
2025-08-07/IMG_9253.JPG,Small,Small,0.07333333333333333,0.85,0.06666666666666667,0.01
2025-08-07/IMG_9254.JPG,Small,Small,0.24,0.7333333333333333,0.02666666666666667,0.0
2025-08-07/IMG_9255.JPG,Small,Small,0.03,0.9033333333333333,0.06333333333333334,0.0033333333333333335
2025-08-07/IMG_9256.JPG,Small,Small,0.17333333333333334,0.8133333333333334,0.013333333333333334,0.0
2025-08-07/IMG_9257.JPG,Small,Small,0.03,0.89,0.07666666666666666,0.0033333333333333335
2025-08-07/IMG_9258.JPG,Small,Small,0.09666666666666666,0.79,0.11333333333333333,0.0
2025-08-07/IMG_9259.JPG,Small,Small,0.03,0.8040331890331891,0.15255411255411255,0.013412698412698413
2025-08-07/IMG_9261.JPG,Small,Small,0.11047619047619046,0.8661904761904763,0.023333333333333334,0.0
2025-08-07/IMG_9262.JPG,Small,Small,0.043333333333333335,0.746388888888889,0.20694444444444443,0.0033333333333333335
2025-08-07/IMG_9263.JPG,Small,Small,0.10666666666666667,0.8666666666666667,0.02666666666666667,0.0
2025-08-07/IMG_9264.JPG,Small,Small,0.03,0.7830555555555556,0.17694444444444443,0.01
2025-08-07/IMG_9397.JPG,Small,Small,0.22,0.76,0.016666666666666666,0.0033333333333333335
2025-08-07/IMG_9398.JPG,Very Small,Very Small,0.7666666666666667,0.22333333333333333,0.01,0.0
2025-08-07/IMG_9399.JPG,Small,Small,0.02,0.87,0.11,0.0
2025-08-07/IMG_9402.JPG,Small,Small,0.01,0.93,0.05333333333333334,0.006666666666666667
2025-08-07/IMG_9403.JPG,Small,Small,0.013333333333333334,0.9266666666666666,0.06,0.0
2025-08-07/IMG_9404.JPG,Medium,Medium,0.01,0.06706349206349206,0.872857142857143,0.05007936507936508
2025-08-07/IMG_9405.JPG,Small,Small,0.03,0.8033333333333333,0.16666666666666666,0.0
2025-08-07/IMG_9406.JPG,Medium,Medium,0.023333333333333334,0.14305555555555557,0.8336111111111112,0.0
2025-08-07/IMG_9410.JPG,Very Small,Very Small,0.85,0.13,0.02,0.0
2025-08-07/IMG_9411.JPG,Small,Small,0.03666666666666667,0.9466666666666667,0.016666666666666666,0.0
2025-08-07/IMG_9412.JPG,Small,Small,0.05,0.754,0.19599999999999998,0.0
2025-08-07/IMG_9413.JPG,Medium,Medium,0.01,0.07363636363636364,0.893030303030303,0.023333333333333334
2025-08-07/IMG_9414.JPG,Large,Large,0.0033333333333333335,0.023333333333333334,0.21333333333333335,0.76
2025-08-07/IMG_9416.JPG,Very Small,Very Small,0.94,0.04,0.02,0.0
2025-08-07/IMG_9417.JPG,Small,Small,0.056666666666666664,0.8566666666666667,0.08,0.006666666666666667
2025-08-07/IMG_9418.JPG,Small,Small,0.016666666666666666,0.8066666666666666,0.17666666666666667,0.0
2025-08-07/IMG_9419.JPG,Medium,Medium,0.08333333333333333,0.19305555555555556,0.7202777777777777,0.0033333333333333335
2025-08-07/IMG_9420.JPG,Small,Small,0.09666666666666666,0.7697222222222223,0.1336111111111111,0.0
2025-08-07/IMG_9421.JPG,Small,Small,0.06,0.88,0.06,0.0
2025-08-07/IMG_9422.JPG,Very Small,Very Small,0.7533333333333333,0.22333333333333333,0.023333333333333334,0.0
2025-08-07/IMG_9424.JPG,Small,Small,0.01,0.8233333333333334,0.16,0.006666666666666667
2025-08-07/IMG_9426.JPG,Medium,Medium,0.02666666666666667,0.14,0.83,0.0033333333333333335
2025-08-07/IMG_9427.JPG,Small,Small,0.056666666666666664,0.9,0.043333333333333335,0.0
2025-08-07/IMG_9429.JPG,Small,Small,0.08,0.8530555555555556,0.06694444444444445,0.0
2025-08-07/IMG_9430.JPG,Medium,Medium,0.03333333333333333,0.21638888888888885,0.7502777777777777,0.0
2025-08-07/IMG_9431.JPG,Very Small,Very Small,0.9633333333333334,0.03,0.0,0.006666666666666667
2025-08-07/IMG_9432.JPG,Small,Small,0.03333333333333333,0.92,0.04666666666666667,0.0
2025-08-07/IMG_9433.JPG,Small,Small,0.016666666666666666,0.8,0.17333333333333334,0.01
2025-08-07/IMG_9434.JPG,Small,Small,0.1,0.8330555555555555,0.06694444444444445,0.0
2025-08-07/IMG_9435.JPG,Very Small,Very Small,0.8833333333333333,0.1,0.016666666666666666,0.0
2025-08-07/IMG_9437.JPG,Medium,Medium,0.05333333333333334,0.24,0.7066666666666667,0.0
2025-08-07/IMG_9438.JPG,Very Small,Very Small,0.8033333333333333,0.17,0.02666666666666667,0.0
2025-08-07/IMG_9439.JPG,Very Small,Very Small,0.9866666666666667,0.006666666666666667,0.006666666666666667,0.0
2025-08-07/IMG_9440.JPG,Very Small,Very Small,0.7666666666666667,0.18666666666666668,0.04666666666666667,0.0
2025-08-07/IMG_9441.JPG,Very Small,Very Small,0.9366666666666666,0.05,0.013333333333333334,0.0
2025-08-07/IMG_9443.JPG,Medium,Medium,0.016666666666666666,0.08696969696969696,0.8963636363636363,0.0
2025-08-07/IMG_9444.JPG,Medium,Medium,0.02,0.14400000000000002,0.8360000000000001,0.0
2025-08-07/IMG_9445.JPG,Small,Small,0.03333333333333333,0.8930555555555554,0.07361111111111111,0.0
2025-08-07/IMG_9447.JPG,Very Small,Very Small,0.99,0.01,0.0,0.0
2025-08-07/IMG_9448.JPG,Very Small,Very Small,0.8933333333333333,0.1,0.006666666666666667,0.0
2025-08-07/IMG_9449.JPG,Medium,Medium,0.016666666666666666,0.21736652236652237,0.7525541125541125,0.013412698412698413
2025-08-07/IMG_9450.JPG,Small,Small,0.02,0.9230555555555554,0.05694444444444445,0.0
2025-08-07/IMG_9451.JPG,Very Small,Very Small,0.9566666666666667,0.043333333333333335,0.0,0.0
2025-08-07/IMG_9452.JPG,Small,Small,0.006666666666666667,0.6830555555555556,0.2702777777777778,0.04
2025-08-07/IMG_9453.JPG,Small,Small,0.05,0.91,0.04,0.0
2025-08-07/IMG_9454.JPG,Very Small,Very Small,0.96,0.02666666666666667,0.013333333333333334,0.0
2025-08-07/IMG_9455.JPG,Small,Small,0.04,0.9166666666666666,0.043333333333333335,0.0
2025-08-07/IMG_9456.JPG,Medium,Medium,0.01,0.08666666666666667,0.8933333333333333,0.01
2025-08-07/IMG_9457.JPG,Small,Small,0.18666666666666668,0.78,0.03333333333333333,0.0
2025-08-07/IMG_9459.JPG,Small,Small,0.03666666666666667,0.9330555555555554,0.03027777777777778,0.0
2025-08-07/IMG_9460.JPG,Small,Small,0.06333333333333334,0.8963888888888888,0.04027777777777777,0.0
2025-08-07/IMG_9461.JPG,Small,Small,0.04666666666666667,0.9163888888888888,0.036944444444444446,0.0
2025-08-07/IMG_9462.JPG,Very Small,Very Small,0.8733333333333333,0.09666666666666666,0.03,0.0
2025-08-07/IMG_9463.JPG,Medium,Medium,0.016666666666666666,0.13333333333333333,0.8466666666666667,0.0033333333333333335
2025-08-07/IMG_9466.JPG,Very Small,Very Small,0.9666666666666667,0.02,0.013333333333333334,0.0
2025-08-07/IMG_9467.JPG,Medium,Medium,0.04666666666666667,0.08333333333333333,0.86,0.01
2025-08-07/IMG_9470.JPG,Medium,Medium,0.016666666666666666,0.08333333333333333,0.8933333333333333,0.006666666666666667
2025-08-07/IMG_9472.JPG,Medium,Medium,0.006666666666666667,0.03666666666666667,0.94,0.016666666666666666
2025-08-07/IMG_9473.JPG,Very Small,Very Small,0.8866666666666667,0.09333333333333334,0.02,0.0
2025-08-07/IMG_9474.JPG,Small,Small,0.016666666666666666,0.9266666666666666,0.05333333333333334,0.0033333333333333335
2025-08-07/IMG_9475.JPG,Small,Small,0.02666666666666667,0.8766666666666667,0.09666666666666666,0.0
2025-08-07/IMG_9477.JPG,Medium,Medium,0.01,0.06,0.92,0.01
2025-08-07/IMG_9478.JPG,Medium,Medium,0.006666666666666667,0.03,0.9233333333333333,0.04
2025-08-07/IMG_9479.JPG,Medium,Medium,0.0,0.08333333333333333,0.89,0.02666666666666667
2025-08-07/IMG_9485.JPG,Medium,Medium,0.03666666666666667,0.14,0.8033333333333333,0.02
2025-08-07/IMG_9486.JPG,Small,Small,0.17022727272727273,0.7295454545454546,0.09022727272727273,0.01
2025-08-07/IMG_9487.JPG,Small,Small,0.13689393939393937,0.8262121212121213,0.03356060606060606,0.0033333333333333335
2025-08-07/IMG_9488.JPG,Small,Small,0.09,0.7933333333333333,0.11,0.006666666666666667
2025-08-07/IMG_9489.JPG,Very Small,Very Small,0.7933333333333333,0.16333333333333333,0.043333333333333335,0.0
2025-08-07/IMG_9492.JPG,Small,Small,0.11356060606060604,0.7695454545454545,0.11356060606060604,0.0033333333333333335
2025-08-07/IMG_9493.JPG,Medium,Medium,0.07,0.17666666666666667,0.7266666666666667,0.02666666666666667
2025-08-07/IMG_9495.JPG,Small,Small,0.03,0.7533333333333333,0.21333333333333335,0.0033333333333333335
2025-08-07/IMG_9502.JPG,Small,Small,0.14,0.8566666666666667,0.0033333333333333335,0.0
2025-08-07/IMG_9503.JPG,Medium,Medium,0.03666666666666667,0.155,0.7983333333333333,0.01
2025-08-07/IMG_9504.JPG,Small,Small,0.10333333333333333,0.8433333333333334,0.05,0.0033333333333333335
2025-08-07/IMG_9505.JPG,Medium,Medium,0.04666666666666667,0.14,0.81,0.0033333333333333335
2025-08-07/IMG_9506.JPG,Very Small,Very Small,0.7466666666666667,0.20666666666666667,0.043333333333333335,0.0033333333333333335
2025-08-07/IMG_9507.JPG,Small,Small,0.1,0.7733333333333333,0.1,0.02666666666666667
2025-08-07/IMG_9509.JPG,Small,Small,0.06,0.84,0.09666666666666666,0.0033333333333333335
2025-08-07/IMG_9512.JPG,Small,Small,0.14666666666666667,0.84,0.013333333333333334,0.0
2025-08-07/IMG_9513.JPG,Small,Small,0.02666666666666667,0.9583333333333334,0.015,0.0
2025-08-07/IMG_9514.JPG,Small,Small,0.08,0.8830555555555555,0.02694444444444444,0.01
2025-08-07/IMG_9515.JPG,Small,Small,0.08666666666666667,0.9,0.013333333333333334,0.0
2025-08-07/IMG_9516.JPG,Small,Small,0.24666666666666667,0.7266666666666667,0.02666666666666667,0.0
2025-08-07/IMG_9517.JPG,Small,Small,0.14333333333333334,0.8366666666666667,0.02,0.0
2025-08-07/IMG_9519.JPG,Small,Small,0.07666666666666666,0.91,0.013333333333333334,0.0
2025-08-07/IMG_9522.JPG,Small,Small,0.16333333333333333,0.8130555555555556,0.023611111111111114,0.0
2025-08-07/IMG_9523.JPG,Small,Small,0.07666666666666666,0.91,0.013333333333333334,0.0
2025-08-07/IMG_9524.JPG,Medium,Medium,0.03,0.23,0.7266666666666667,0.013333333333333334
2025-08-07/IMG_9525.JPG,Medium,Medium,0.07666666666666666,0.14666666666666667,0.76,0.016666666666666666
2025-08-07/IMG_9528.JPG,Medium,Medium,0.04,0.20666666666666667,0.74,0.013333333333333334
2025-08-07/IMG_9529.JPG,Medium,Medium,0.02666666666666667,0.19,0.7766666666666666,0.006666666666666667
2025-08-07/IMG_9530.JPG,Small,Small,0.04833333333333333,0.8133333333333334,0.135,0.0033333333333333335
2025-08-07/IMG_9531.JPG,Medium,Medium,0.09333333333333334,0.17333333333333334,0.7266666666666667,0.006666666666666667
2025-08-07/IMG_9532.JPG,Medium,Medium,0.01,0.09373015873015873,0.8361904761904762,0.06007936507936509
2025-08-07/IMG_9534.JPG,Large,Large,0.016666666666666666,0.016666666666666666,0.08666666666666667,0.88
2025-08-07/IMG_9536.JPG,Very Small,Very Small,0.6633333333333333,0.10373015873015873,0.21952380952380954,0.013412698412698413
2025-08-07/IMG_9537.JPG,Medium,Medium,0.043333333333333335,0.10333333333333333,0.8233333333333334,0.03
2025-08-07/IMG_9538.JPG,Large,Large,0.03333333333333333,0.03333333333333333,0.07,0.8633333333333333
2025-08-07/IMG_9539.JPG,Large,Large,0.006666666666666667,0.040396825396825396,0.1161904761904762,0.8367460317460317
2025-08-07/IMG_9541.JPG,Medium,Medium,0.023333333333333334,0.04736652236652237,0.8625541125541125,0.06674603174603175
2025-08-07/IMG_9542.JPG,Large,Large,0.043333333333333335,0.07,0.12666666666666668,0.76
2025-08-07/IMG_9543.JPG,Small,Small,0.04,0.7366666666666667,0.19333333333333333,0.03
2025-08-07/IMG_9544.JPG,Large,Large,0.05333333333333334,0.09666666666666666,0.17,0.68
2025-08-07/IMG_9545.JPG,Medium,Medium,0.04666666666666667,0.08,0.81,0.06333333333333334
2025-08-07/IMG_9546.JPG,Medium,Medium,0.05,0.11333333333333333,0.77,0.06666666666666667
2025-08-07/IMG_9547.JPG,Small,Small,0.08666666666666667,0.7933333333333333,0.11666666666666667,0.0033333333333333335
2025-08-07/IMG_9548.JPG,Medium,Medium,0.06,0.09,0.8,0.05
2025-08-07/IMG_9550.JPG,Small,Small,0.05,0.7366666666666667,0.21,0.0033333333333333335
2025-08-07/IMG_9551.JPG,Medium,Medium,0.0033333333333333335,0.023333333333333334,0.7,0.2733333333333333
2025-08-07/IMG_9553.JPG,Large,Large,0.12,0.16,0.09666666666666666,0.6233333333333333
2025-08-07/IMG_9555.JPG,Medium,Medium,0.04666666666666667,0.18333333333333332,0.75,0.02
2025-08-07/IMG_9556.JPG,Very Small,Very Small,0.76,0.19333333333333333,0.04666666666666667,0.0
2025-08-07/IMG_9558.JPG,Small,Small,0.03333333333333333,0.8003030303030303,0.1496969696969697,0.016666666666666666
2025-08-07/IMG_9559.JPG,Small,Small,0.09666666666666666,0.75,0.13666666666666666,0.016666666666666666
2025-08-07/IMG_9561.JPG,Medium,Medium,0.05,0.17333333333333334,0.7766666666666666,0.0
2025-08-07/IMG_9562.JPG,Medium,Medium,0.04,0.06666666666666667,0.89,0.0033333333333333335
2025-08-07/IMG_9564.JPG,Very Small,Very Small,0.7366666666666667,0.19,0.07333333333333333,0.0
2025-08-07/IMG_9571.JPG,Large,Large,0.006666666666666667,0.03333333333333333,0.08666666666666667,0.8733333333333333
2025-08-07/IMG_9574.JPG,Large,Large,0.013333333333333334,0.04,0.12,0.8266666666666667
2025-08-07/IMG_9575.JPG,Large,Large,0.013333333333333334,0.03333333333333333,0.07333333333333333,0.88
2025-08-07/IMG_9576.JPG,Medium,Medium,0.023333333333333334,0.08666666666666667,0.85,0.04
2025-08-07/IMG_9578.JPG,Large,Large,0.01,0.04,0.1,0.85
2025-08-07/IMG_9579.JPG,Medium,Medium,0.01,0.043333333333333335,0.87,0.07666666666666666
2025-08-07/IMG_9581.JPG,Medium,Medium,0.023333333333333334,0.07,0.87,0.03666666666666667
2025-08-07/IMG_9583.JPG,Medium,Medium,0.0468939393939394,0.07994227994227994,0.7330844155844156,0.14007936507936508
2025-08-07/IMG_9584.JPG,Medium,Medium,0.023333333333333334,0.05403318903318904,0.8458874458874459,0.07674603174603176
2025-08-07/IMG_9585.JPG,Large,Large,0.04,0.09666666666666666,0.16,0.7033333333333334
2025-08-07/IMG_9586.JPG,Medium,Medium,0.03666666666666667,0.05333333333333334,0.9066666666666666,0.0033333333333333335
2025-08-07/IMG_9589.JPG,Medium,Medium,0.01,0.01,0.76,0.22
2025-08-07/IMG_9590.JPG,Medium,Medium,0.07,0.12666666666666668,0.6733333333333333,0.13
2025-08-07/IMG_9593.JPG,Small,Small,0.14333333333333334,0.7933333333333333,0.06,0.0033333333333333335
2025-08-07/IMG_9594.JPG,Large,Large,0.013333333333333334,0.016666666666666666,0.13333333333333333,0.8366666666666667
2025-08-07/IMG_9595.JPG,Medium,Medium,0.013333333333333334,0.02,0.9033333333333333,0.06333333333333334
2025-08-07/IMG_9597.JPG,Medium,Medium,0.0,0.016666666666666666,0.77,0.21333333333333335
2025-08-07/IMG_9598.JPG,Small,Small,0.01,0.8233333333333334,0.15666666666666668,0.01
2025-08-07/IMG_9599.JPG,Medium,Medium,0.013333333333333334,0.03373015873015873,0.8995238095238096,0.05341269841269842
2025-08-07/IMG_9600.JPG,Medium,Medium,0.023333333333333334,0.0903968253968254,0.8395238095238096,0.046746031746031744
2025-08-07/IMG_9601.JPG,Very Small,Very Small,0.7966666666666666,0.17333333333333334,0.023333333333333334,0.006666666666666667
2025-08-07/IMG_9602.JPG,Small,Small,0.12666666666666668,0.8066666666666666,0.06,0.006666666666666667
2025-08-07/IMG_9603.JPG,Medium,Medium,0.02,0.14,0.79,0.05
2025-08-07/IMG_9607.JPG,Medium,Medium,0.013333333333333334,0.14373015873015874,0.8261904761904763,0.016746031746031745
2025-08-07/IMG_9608.JPG,Large,Large,0.0033333333333333335,0.013333333333333334,0.06333333333333334,0.92
2025-08-07/IMG_9609.JPG,Large,Large,0.0,0.0033333333333333335,0.0033333333333333335,0.9933333333333333
2025-08-07/IMG_9610.JPG,Large,Large,0.0033333333333333335,0.0033333333333333335,0.02,0.9733333333333334
2025-08-07/IMG_9611.JPG,Large,Large,0.0,0.0033333333333333335,0.016666666666666666,0.98
2025-08-07/IMG_9614.JPG,Medium,Medium,0.006666666666666667,0.02373015873015873,0.8528571428571429,0.11674603174603175
2025-08-07/IMG_9615.JPG,Large,Large,0.02666666666666667,0.056666666666666664,0.2,0.7166666666666667
2025-08-07/IMG_9616.JPG,Large,Large,0.0,0.0,0.01,0.99
2025-08-07/IMG_9623.JPG,Large,Large,0.0,0.0033333333333333335,0.006666666666666667,0.99
2025-08-07/IMG_9625.JPG,Large,Large,0.0033333333333333335,0.0033333333333333335,0.08666666666666667,0.9066666666666666
2025-08-07/IMG_9628.JPG,Large,Large,0.0033333333333333335,0.0,0.03666666666666667,0.96
2025-08-07/IMG_9629.JPG,Medium,Medium,0.01,0.023333333333333334,0.8166666666666667,0.15
2025-08-07/IMG_9633.JPG,Large,Large,0.016666666666666666,0.02,0.14333333333333334,0.82
2025-08-07/IMG_9634.JPG,Large,Large,0.0,0.0033333333333333335,0.09666666666666666,0.9
2025-08-07/IMG_9635.JPG,Large,Large,0.0,0.0,0.02666666666666667,0.9733333333333334
2025-08-07/IMG_9636.JPG,Large,Large,0.0,0.0033333333333333335,0.056666666666666664,0.94
2025-08-07/IMG_9637.JPG,Large,Large,0.0,0.0033333333333333335,0.02666666666666667,0.97
2025-08-07/IMG_9638.JPG,Large,Large,0.0033333333333333335,0.0,0.016666666666666666,0.98
2025-08-07/IMG_9639.JPG,Large,Large,0.043333333333333335,0.05333333333333334,0.13333333333333333,0.77
2025-08-07/IMG_9640.JPG,Large,Large,0.0033333333333333335,0.013333333333333334,0.043333333333333335,0.94
2025-08-07/IMG_9641.JPG,Large,Large,0.0033333333333333335,0.006666666666666667,0.13,0.86
2025-08-07/IMG_9643.JPG,Large,Large,0.0,0.0,0.02,0.98
2025-08-07/IMG_9645.JPG,Large,Large,0.016666666666666666,0.0,0.03666666666666667,0.9466666666666667
2025-08-07/IMG_9646.JPG,Large,Large,0.01,0.016666666666666666,0.04666666666666667,0.9266666666666666
2025-08-07/IMG_9652.JPG,Large,Large,0.03,0.006666666666666667,0.20666666666666667,0.7566666666666667
2025-08-07/IMG_9654.JPG,Large,Large,0.0,0.0,0.04,0.96
2025-08-07/IMG_9655.JPG,Large,Large,0.013333333333333334,0.023333333333333334,0.17666666666666667,0.7866666666666666
2025-08-07/IMG_9656.JPG,Large,Large,0.006666666666666667,0.006666666666666667,0.023333333333333334,0.9633333333333334
2025-08-07/IMG_9658.JPG,Large,Large,0.006666666666666667,0.013333333333333334,0.25,0.73
2025-08-07/IMG_9659.JPG,Large,Large,0.0,0.0,0.01,0.99
2025-08-07/IMG_9660.JPG,Large,Large,0.0035606060606060605,0.05954545454545455,0.22689393939393937,0.71
2025-08-07/IMG_9669.JPG,Medium,Medium,0.05333333333333334,0.18666666666666668,0.7366666666666667,0.023333333333333334
2025-08-07/IMG_9671.JPG,Large,Large,0.0033333333333333335,0.03333333333333333,0.18666666666666668,0.7766666666666666
2025-08-07/IMG_9672.JPG,Medium,Medium,0.006666666666666667,0.030396825396825394,0.8428571428571429,0.12007936507936509
2025-08-07/IMG_9673.JPG,Large,Large,0.0,0.006666666666666667,0.04666666666666667,0.9466666666666667
2025-08-07/IMG_9674.JPG,Large,Large,0.01,0.013333333333333334,0.15,0.8266666666666667
2025-08-07/IMG_9675.JPG,Large,Large,0.0033333333333333335,0.016666666666666666,0.013333333333333334,0.9666666666666667
2025-08-07/IMG_9678.JPG,Large,Large,0.04,0.09666666666666666,0.09,0.7733333333333333
2025-08-07/IMG_9679.JPG,Large,Large,0.0,0.0,0.006666666666666667,0.9933333333333333
2025-08-07/IMG_9681.JPG,Large,Large,0.0,0.0,0.023333333333333334,0.9766666666666667
2025-08-07/IMG_9683.JPG,Large,Large,0.0,0.0033333333333333335,0.016666666666666666,0.98
2025-08-07/IMG_9685.JPG,Medium,Medium,0.0,0.006666666666666667,0.83,0.16333333333333333
2025-08-07/IMG_9686.JPG,Medium,Medium,0.02,0.02666666666666667,0.7766666666666666,0.17666666666666667
2025-08-07/IMG_9687.JPG,Large,Large,0.0,0.0,0.02,0.98
2025-08-07/IMG_9688.JPG,Large,Large,0.0033333333333333335,0.013333333333333334,0.05,0.9333333333333333
2025-08-07/IMG_9689.JPG,Large,Large,0.0033333333333333335,0.0033333333333333335,0.03333333333333333,0.96
2025-08-07/IMG_9693.JPG,Medium,Medium,0.01,0.07666666666666666,0.8966666666666666,0.016666666666666666
2025-08-07/IMG_9694.JPG,Medium,Medium,0.006666666666666667,0.03373015873015873,0.8228571428571428,0.13674603174603175
2025-08-07/IMG_9695.JPG,Small,Small,0.023333333333333334,0.9263888888888888,0.05027777777777778,0.0
2025-08-07/IMG_9696.JPG,Large,Large,0.0,0.02,0.05333333333333334,0.9266666666666666
2025-08-07/IMG_9697.JPG,Large,Large,0.016666666666666666,0.023333333333333334,0.06,0.9
2025-08-07/IMG_9698.JPG,Large,Large,0.03333333333333333,0.06666666666666667,0.13,0.77
2025-08-07/IMG_9700.JPG,Large,Large,0.013333333333333334,0.01,0.24333333333333335,0.7333333333333333
2025-08-07/IMG_9701.JPG,Medium,Medium,0.006666666666666667,0.023636363636363636,0.9430303030303029,0.02666666666666667
2025-08-07/IMG_9702.JPG,Large,Large,0.006666666666666667,0.01,0.05333333333333334,0.93
2025-08-07/IMG_9704.JPG,Large,Large,0.04666666666666667,0.08333333333333333,0.11333333333333333,0.7566666666666667
2025-08-07/IMG_9705.JPG,Large,Large,0.02666666666666667,0.04,0.11666666666666667,0.8166666666666667
2025-08-07/IMG_9706.JPG,Large,Large,0.023333333333333334,0.05333333333333334,0.08333333333333333,0.84
2025-08-07/IMG_9707.JPG,Medium,Medium,0.006666666666666667,0.04,0.7733333333333333,0.18
2025-08-07/IMG_9709.JPG,Large,Large,0.02,0.03666666666666667,0.12333333333333334,0.82
2025-08-07/IMG_9710.JPG,Large,Large,0.0033333333333333335,0.03,0.03666666666666667,0.93
2025-08-07/IMG_9711.JPG,Large,Large,0.0033333333333333335,0.0033333333333333335,0.02666666666666667,0.9666666666666667
2025-08-07/IMG_9712.JPG,Large,Large,0.0,0.006666666666666667,0.03,0.9633333333333334
2025-08-07/IMG_9713.JPG,Large,Large,0.006666666666666667,0.01,0.08,0.9033333333333333
2025-08-07/IMG_9714.JPG,Large,Large,0.0,0.0033333333333333335,0.05333333333333334,0.9433333333333334
2025-08-07/IMG_9715.JPG,Medium,Medium,0.016666666666666666,0.07333333333333333,0.78,0.13
2025-08-07/IMG_9716.JPG,Medium,Medium,0.0,0.03666666666666667,0.8866666666666667,0.07666666666666666
2025-08-07/IMG_9717.JPG,Large,Large,0.0,0.0,0.006666666666666667,0.9933333333333333
2025-08-22/IMG_0001.JPG,Very Small,Very Small,0.8322222222222222,0.15444444444444444,0.013333333333333334,0.0
2025-08-22/IMG_0002.JPG,Very Small,Very Small,0.84,0.13333333333333333,0.02666666666666667,0.0
2025-08-22/IMG_0003.JPG,Small,Small,0.18,0.7866666666666666,0.03333333333333333,0.0
2025-08-22/IMG_0004.JPG,Small,Small,0.18666666666666668,0.8119047619047618,0.0014285714285714286,0.0
2025-08-22/IMG_0005.JPG,Very Small,Very Small,0.88,0.11666666666666667,0.0033333333333333335,0.0
2025-08-22/IMG_0009.JPG,Very Small,Very Small,0.9033333333333333,0.09,0.006666666666666667,0.0
2025-08-22/IMG_0010.JPG,Small,Small,0.16356060606060607,0.8081168831168832,0.028322510822510825,0.0
2025-08-22/IMG_0011.JPG,Very Small,Very Small,0.6866666666666666,0.2733333333333333,0.03666666666666667,0.0033333333333333335
2025-08-22/IMG_0012.JPG,Very Small,Very Small,0.8122222222222222,0.12111111111111111,0.05333333333333334,0.013333333333333334
2025-08-22/IMG_0013.JPG,Very Small,Very Small,0.7822222222222222,0.1511111111111111,0.056666666666666664,0.01
2025-08-22/IMG_0017.JPG,Small,Small,0.17,0.7552380952380952,0.06476190476190477,0.01
2025-08-22/IMG_0018.JPG,Small,Small,0.19666666666666666,0.7866666666666666,0.013333333333333334,0.0033333333333333335
2025-08-22/IMG_0019.JPG,Very Small,Very Small,0.7933333333333333,0.18666666666666668,0.02,0.0
2025-08-22/IMG_0020.JPG,Small,Small,0.20333333333333334,0.7633333333333333,0.03333333333333333,0.0
2025-08-22/IMG_0021.JPG,Very Small,Very Small,0.89,0.10333333333333333,0.006666666666666667,0.0
2025-08-22/IMG_0023.JPG,Very Small,Very Small,0.72,0.23666666666666666,0.043333333333333335,0.0
2025-08-22/IMG_0024.JPG,Small,Small,0.18333333333333332,0.7933333333333333,0.023333333333333334,0.0
2025-08-22/IMG_0025.JPG,Small,Small,0.2733333333333333,0.7133333333333334,0.013333333333333334,0.0
2025-08-22/IMG_0027.JPG,Small,Small,0.1,0.8,0.07666666666666666,0.023333333333333334
2025-08-22/IMG_0030.JPG,Medium,Medium,0.12666666666666668,0.14523809523809522,0.7047619047619048,0.023333333333333334
2025-08-22/IMG_0031.JPG,Small,Small,0.1,0.9,0.0,0.0
2025-08-22/IMG_0033.JPG,Small,Small,0.21333333333333335,0.76,0.02666666666666667,0.0
2025-08-22/IMG_0035.JPG,Very Small,Very Small,0.7233333333333334,0.24666666666666667,0.023333333333333334,0.006666666666666667
2025-08-22/IMG_0036.JPG,Small,Small,0.12666666666666668,0.8666666666666667,0.006666666666666667,0.0
2025-08-22/IMG_0037.JPG,Medium,Medium,0.056666666666666664,0.23333333333333334,0.71,0.0
2025-08-22/IMG_0038.JPG,Small,Small,0.09666666666666666,0.81,0.08666666666666667,0.006666666666666667
2025-08-22/IMG_0041.JPG,Small,Small,0.11,0.87,0.013333333333333334,0.006666666666666667
2025-08-22/IMG_0042.JPG,Medium,Medium,0.07,0.25333333333333335,0.6766666666666666,0.0
2025-08-22/IMG_0043.JPG,Small,Small,0.16,0.8233333333333334,0.016666666666666666,0.0
2025-08-22/IMG_0044.JPG,Very Small,Very Small,0.8255555555555555,0.1577777777777778,0.016666666666666666,0.0
2025-08-22/IMG_0046.JPG,Very Small,Very Small,0.79,0.19333333333333333,0.016666666666666666,0.0
2025-08-22/IMG_0049.JPG,Small,Small,0.14,0.8233333333333334,0.03333333333333333,0.0033333333333333335
2025-08-22/IMG_0051.JPG,Very Small,Very Small,0.6501388888888888,0.27652777777777776,0.056666666666666664,0.016666666666666666
2025-08-22/IMG_0052.JPG,Small,Small,0.06333333333333334,0.82,0.06333333333333334,0.05333333333333334
2025-08-22/IMG_0053.JPG,Small,Small,0.14833333333333334,0.805,0.023333333333333334,0.023333333333333334
2025-08-22/IMG_0054.JPG,Small,Small,0.14680555555555555,0.8065277777777778,0.04666666666666667,0.0
2025-08-22/IMG_0055.JPG,Medium,Medium,0.06,0.12666666666666668,0.7266666666666667,0.08666666666666667
2025-08-22/IMG_0056.JPG,Small,Small,0.0870328282828283,0.872739898989899,0.02022727272727273,0.02
2025-08-22/IMG_0057.JPG,Small,Small,0.0618939393939394,0.8478787878787879,0.0568939393939394,0.03333333333333333
2025-08-22/IMG_0058.JPG,Small,Small,0.10666666666666667,0.87,0.023333333333333334,0.0
2025-08-22/IMG_0060.JPG,Very Small,Very Small,0.7516666666666667,0.21833333333333332,0.03,0.0
2025-08-22/IMG_0061.JPG,Medium,Medium,0.12666666666666668,0.21857142857142856,0.6547619047619048,0.0
2025-08-22/IMG_0062.JPG,Small,Small,0.12333333333333334,0.8433333333333334,0.03333333333333333,0.0
2025-08-22/IMG_0063.JPG,Small,Small,0.09333333333333334,0.8633333333333333,0.03333333333333333,0.01
2025-08-22/IMG_0064.JPG,Small,Small,0.11666666666666667,0.8666666666666667,0.013333333333333334,0.0033333333333333335
2025-08-22/IMG_0065.JPG,Small,Small,0.13,0.8166666666666667,0.02,0.03333333333333333
2025-08-22/IMG_0066.JPG,Small,Small,0.11333333333333333,0.8333333333333334,0.05,0.0033333333333333335
2025-08-22/IMG_0068.JPG,Small,Small,0.12333333333333334,0.84,0.03666666666666667,0.0
2025-08-22/IMG_0071.JPG,Very Small,Very Small,0.74,0.11,0.07333333333333333,0.07666666666666666
2025-08-22/IMG_0072.JPG,Very Small,Very Small,0.7366666666666667,0.11,0.10666666666666667,0.04666666666666667
2025-08-22/IMG_0073.JPG,Small,Small,0.07333333333333333,0.8733333333333333,0.05333333333333334,0.0
2025-08-22/IMG_0075.JPG,Small,Small,0.12666666666666668,0.8366666666666667,0.02666666666666667,0.01
2025-08-22/IMG_0076.JPG,Very Small,Very Small,0.8333333333333334,0.15333333333333332,0.013333333333333334,0.0
2025-08-22/IMG_0077.JPG,Very Small,Very Small,0.75,0.19,0.056666666666666664,0.0033333333333333335
2025-08-22/IMG_0078.JPG,Small,Small,0.11,0.7666666666666667,0.09,0.03333333333333333
2025-08-22/IMG_0079.JPG,Small,Small,0.07689393939393939,0.7695454545454545,0.10022727272727272,0.05333333333333334
2025-08-22/IMG_0081.JPG,Small,Small,0.08666666666666667,0.91,0.0033333333333333335,0.0
2025-08-22/IMG_0082.JPG,Small,Small,0.15666666666666668,0.83,0.013333333333333334,0.0
2025-08-22/IMG_0084.JPG,Small,Small,0.04,0.93,0.03,0.0
2025-08-22/IMG_0085.JPG,Very Small,Very Small,0.76,0.22,0.02,0.0
2025-08-22/IMG_0086.JPG,Small,Small,0.16111111111111112,0.8122222222222222,0.02666666666666667,0.0
2025-08-22/IMG_0087.JPG,Small,Small,0.056666666666666664,0.8866666666666667,0.056666666666666664,0.0
2025-08-22/IMG_0089.JPG,Medium,Medium,0.15,0.18,0.6666666666666666,0.0033333333333333335
2025-08-22/IMG_0090.JPG,Small,Small,0.14,0.77,0.08333333333333333,0.006666666666666667
2025-08-22/IMG_0091.JPG,Very Small,Very Small,0.63,0.3466666666666667,0.023333333333333334,0.0
2025-08-22/IMG_0092.JPG,Small,Small,0.09666666666666666,0.8833333333333333,0.02,0.0
2025-08-22/IMG_0094.JPG,Very Small,Very Small,0.86,0.1,0.03333333333333333,0.006666666666666667
2025-08-22/IMG_0098.JPG,Very Small,Very Small,0.9033333333333333,0.08333333333333333,0.013333333333333334,0.0
2025-08-22/IMG_0099.JPG,Very Small,Very Small,0.8233333333333334,0.15,0.02666666666666667,0.0
2025-08-22/IMG_0100.JPG,Very Small,Very Small,0.89,0.08666666666666667,0.02,0.0033333333333333335
2025-08-22/IMG_0101.JPG,Medium,Medium,0.22888888888888886,0.11444444444444443,0.64,0.016666666666666666
2025-08-22/IMG_0102.JPG,Very Small,Very Small,0.8233333333333334,0.09333333333333334,0.056666666666666664,0.02666666666666667
2025-08-22/IMG_0104.JPG,Small,Small,0.12333333333333334,0.85,0.02666666666666667,0.0
2025-08-22/IMG_0106.JPG,Small,Small,0.14,0.85,0.01,0.0
2025-08-22/IMG_0107.JPG,Very Small,Very Small,0.88,0.11333333333333333,0.006666666666666667,0.0
2025-08-22/IMG_0108.JPG,Very Small,Very Small,0.7922222222222222,0.17777777777777778,0.03,0.0
2025-08-22/IMG_0109.JPG,Small,Small,0.16,0.83,0.01,0.0
2025-08-22/IMG_0110.JPG,Very Small,Very Small,0.7566666666666667,0.24,0.0033333333333333335,0.0
2025-08-22/IMG_0111.JPG,Very Small,Very Small,0.7133333333333334,0.17666666666666667,0.10333333333333333,0.006666666666666667
2025-08-22/IMG_0113.JPG,Small,Small,0.06666666666666667,0.8933333333333333,0.04,0.0
2025-08-22/IMG_0116.JPG,Very Small,Very Small,0.7433333333333333,0.22333333333333333,0.03333333333333333,0.0
2025-08-22/IMG_0117.JPG,Very Small,Very Small,0.823560606060606,0.1362121212121212,0.03356060606060606,0.006666666666666667
2025-08-22/IMG_0118.JPG,Medium,Medium,0.11333333333333333,0.19,0.69,0.006666666666666667
2025-08-22/IMG_0119.JPG,Very Small,Very Small,0.82,0.15333333333333332,0.02666666666666667,0.0
2025-08-22/IMG_0122.JPG,Very Small,Very Small,0.77,0.21,0.016666666666666666,0.0033333333333333335
2025-08-22/IMG_0123.JPG,Small,Small,0.053560606060606065,0.8262121212121213,0.11356060606060604,0.006666666666666667
2025-08-22/IMG_0125.JPG,Very Small,Very Small,0.8366666666666667,0.15666666666666668,0.006666666666666667,0.0
2025-08-22/IMG_0126.JPG,Very Small,Very Small,0.94,0.056666666666666664,0.0033333333333333335,0.0
2025-08-22/IMG_0128.JPG,Very Small,Very Small,0.97,0.03,0.0,0.0
2025-08-22/IMG_0129.JPG,Very Small,Very Small,0.9,0.08,0.02,0.0
2025-08-22/IMG_0132.JPG,Small,Small,0.2168939393939394,0.7428787878787879,0.04022727272727273,0.0
2025-08-22/IMG_0133.JPG,Small,Small,0.0468939393939394,0.8162121212121213,0.11689393939393938,0.02
2025-08-22/IMG_0134.JPG,Medium,Medium,0.0033333333333333335,0.2,0.7733333333333333,0.023333333333333334
2025-08-22/IMG_0135.JPG,Small,Small,0.0568939393939394,0.8862121212121212,0.0568939393939394,0.0
2025-08-22/IMG_0137.JPG,Very Small,Very Small,0.95,0.04666666666666667,0.0033333333333333335,0.0
2025-08-22/IMG_0138.JPG,Very Small,Very Small,0.9733333333333334,0.023333333333333334,0.0033333333333333335,0.0
2025-08-22/IMG_0139.JPG,Very Small,Very Small,0.92,0.07666666666666666,0.0033333333333333335,0.0
2025-08-22/IMG_0140.JPG,Very Small,Very Small,0.9466666666666667,0.05333333333333334,0.0,0.0
2025-08-22/IMG_0141.JPG,Very Small,Very Small,0.9533333333333334,0.043333333333333335,0.0033333333333333335,0.0
2025-08-22/IMG_0143.JPG,Very Small,Very Small,0.9366666666666666,0.06333333333333334,0.0,0.0
2025-08-22/IMG_0144.JPG,Very Small,Very Small,0.9166666666666666,0.07333333333333333,0.01,0.0
2025-08-22/IMG_0146.JPG,Small,Small,0.016893939393939395,0.8662121212121212,0.10689393939393937,0.01
2025-08-22/IMG_0147.JPG,Medium,Medium,0.07666666666666666,0.18,0.7266666666666667,0.016666666666666666
2025-08-22/IMG_0149.JPG,Medium,Medium,0.04666666666666667,0.19666666666666666,0.7566666666666667,0.0
2025-08-22/IMG_0150.JPG,Small,Small,0.043333333333333335,0.84,0.11666666666666667,0.0
2025-08-22/IMG_0153.JPG,Medium,Medium,0.02,0.14666666666666667,0.8333333333333334,0.0
2025-08-22/IMG_0157.JPG,Medium,Medium,0.006893939393939394,0.032878787878787875,0.8802272727272727,0.08
2025-08-22/IMG_0158.JPG,Very Small,Very Small,0.9,0.08666666666666667,0.013333333333333334,0.0
2025-08-22/IMG_0159.JPG,Very Small,Very Small,0.8866666666666667,0.10666666666666667,0.006666666666666667,0.0
2025-08-22/IMG_0162.JPG,Very Small,Very Small,0.8066666666666666,0.18,0.013333333333333334,0.0
2025-08-22/IMG_0164.JPG,Very Small,Very Small,0.9333333333333333,0.056666666666666664,0.006666666666666667,0.0033333333333333335
2025-08-22/IMG_0165.JPG,Very Small,Very Small,0.9066666666666666,0.08333333333333333,0.006666666666666667,0.0033333333333333335
2025-08-22/IMG_0168.JPG,Medium,Medium,0.006666666666666667,0.09333333333333334,0.8833333333333333,0.016666666666666666
2025-08-22/IMG_0170.JPG,Large,Large,0.01,0.01,0.18666666666666668,0.7933333333333333
2025-08-22/IMG_0171.JPG,Medium,Medium,0.02666666666666667,0.10333333333333333,0.8333333333333334,0.03666666666666667
2025-08-22/IMG_0173.JPG,Very Small,Very Small,0.93,0.07,0.0,0.0
2025-08-22/IMG_0174.JPG,Small,Small,0.08666666666666667,0.8933333333333333,0.016666666666666666,0.0033333333333333335
2025-08-22/IMG_0175.JPG,Very Small,Very Small,0.9433333333333334,0.05333333333333334,0.0033333333333333335,0.0
2025-08-22/IMG_0178.JPG,Very Small,Very Small,0.9666666666666667,0.02666666666666667,0.0033333333333333335,0.0033333333333333335
2025-08-22/IMG_0179.JPG,Very Small,Very Small,0.9666666666666667,0.03333333333333333,0.0,0.0
2025-08-22/IMG_0180.JPG,Small,Small,0.07666666666666666,0.9,0.02,0.0033333333333333335
2025-08-22/IMG_0181.JPG,Small,Small,0.04,0.8966666666666666,0.06333333333333334,0.0
2025-08-22/IMG_0182.JPG,Very Small,Very Small,0.7466666666666667,0.23666666666666666,0.016666666666666666,0.0
2025-08-22/IMG_0183.JPG,Small,Small,0.016666666666666666,0.8966666666666666,0.08333333333333333,0.0033333333333333335
2025-08-22/IMG_0185.JPG,Medium,Medium,0.016666666666666666,0.11,0.83,0.043333333333333335
2025-08-22/IMG_0186.JPG,Medium,Medium,0.013333333333333334,0.13333333333333333,0.8266666666666667,0.02666666666666667
2025-08-22/IMG_0188.JPG,Small,Small,0.25666666666666665,0.7266666666666667,0.016666666666666666,0.0
2025-08-22/IMG_0189.JPG,Small,Small,0.026893939393939394,0.8062121212121213,0.15356060606060604,0.013333333333333334
2025-08-22/IMG_0190.JPG,Small,Small,0.12666666666666668,0.8433333333333334,0.03,0.0
2025-08-22/IMG_0191.JPG,Small,Small,0.0035606060606060605,0.7895454545454546,0.19022727272727274,0.016666666666666666
2025-08-22/IMG_0192.JPG,Small,Small,0.01,0.9,0.09,0.0
2025-08-22/IMG_0193.JPG,Small,Small,0.03333333333333333,0.87,0.09333333333333334,0.0033333333333333335
2025-08-22/IMG_0194.JPG,Small,Small,0.28,0.69,0.03,0.0
2025-08-22/IMG_0196.JPG,Small,Small,0.23,0.76,0.01,0.0
2025-08-22/IMG_0197.JPG,Small,Small,0.013560606060606061,0.7562121212121212,0.20356060606060608,0.02666666666666667
2025-08-22/IMG_0199.JPG,Small,Small,0.006666666666666667,0.96,0.03333333333333333,0.0
2025-08-22/IMG_0200.JPG,Small,Small,0.04,0.9233333333333333,0.03666666666666667,0.0
2025-08-22/IMG_0201.JPG,Small,Small,0.04,0.9,0.056666666666666664,0.0033333333333333335
2025-08-22/IMG_0202.JPG,Small,Small,0.006893939393939394,0.8528787878787879,0.12356060606060604,0.016666666666666666
2025-08-22/IMG_0203.JPG,Medium,Medium,0.010227272727272727,0.06287878787878788,0.883560606060606,0.043333333333333335
2025-08-22/IMG_0204.JPG,Small,Small,0.07703282828282829,0.7460732323232324,0.10689393939393937,0.07
2025-08-22/IMG_0206.JPG,Medium,Medium,0.07666666666666666,0.21,0.6933333333333334,0.02
2025-08-22/IMG_0208.JPG,Small,Small,0.0568939393939394,0.8528787878787879,0.07356060606060606,0.016666666666666666
2025-08-22/IMG_0209.JPG,Very Small,Very Small,0.8966666666666666,0.07333333333333333,0.03,0.0
2025-08-22/IMG_0213.JPG,Very Small,Very Small,0.9266666666666666,0.056666666666666664,0.013333333333333334,0.0033333333333333335
2025-08-22/IMG_0214.JPG,Medium,Medium,0.03333333333333333,0.17333333333333334,0.7633333333333333,0.03
2025-08-22/IMG_0215.JPG,Very Small,Very Small,0.8733333333333333,0.09,0.03666666666666667,0.0
2025-08-22/IMG_0217.JPG,Small,Small,0.05,0.82,0.11666666666666667,0.013333333333333334
2025-08-22/IMG_0218.JPG,Small,Small,0.16333333333333333,0.74,0.08333333333333333,0.013333333333333334
2025-08-22/IMG_0219.JPG,Small,Small,0.043560606060606064,0.7395454545454546,0.12022727272727271,0.09666666666666666
2025-08-22/IMG_0221.JPG,Very Small,Very Small,0.9833333333333333,0.016666666666666666,0.0,0.0
2025-08-22/IMG_0222.JPG,Very Small,Very Small,0.9866666666666667,0.01,0.0033333333333333335,0.0
2025-08-22/IMG_0223.JPG,Small,Small,0.01,0.89,0.08,0.02
2025-08-22/IMG_0224.JPG,Small,Small,0.043333333333333335,0.8066666666666666,0.12333333333333334,0.02666666666666667
2025-08-22/IMG_0226.JPG,Small,Small,0.0033333333333333335,0.9533333333333334,0.03666666666666667,0.006666666666666667
2025-08-22/IMG_0227.JPG,Small,Small,0.05,0.9233333333333333,0.02666666666666667,0.0
2025-08-22/IMG_0228.JPG,Small,Small,0.013560606060606061,0.8428787878787879,0.13689393939393937,0.006666666666666667
2025-08-22/IMG_0229.JPG,Small,Small,0.06333333333333334,0.9,0.03666666666666667,0.0
2025-08-22/IMG_0231.JPG,Small,Small,0.07666666666666666,0.8933333333333333,0.03,0.0
2025-08-22/IMG_0233.JPG,Small,Small,0.11333333333333333,0.8766666666666667,0.01,0.0
2025-08-22/IMG_0234.JPG,Very Small,Very Small,0.9466666666666667,0.03666666666666667,0.016666666666666666,0.0
2025-08-22/IMG_0235.JPG,Very Small,Very Small,0.65,0.3233333333333333,0.02666666666666667,0.0
2025-08-22/IMG_0236.JPG,Very Small,Very Small,0.8233333333333334,0.14666666666666667,0.023333333333333334,0.006666666666666667
2025-08-22/IMG_0237.JPG,Very Small,Very Small,0.7124494949494949,0.24065656565656562,0.0468939393939394,0.0
2025-08-22/IMG_0238.JPG,Very Small,Very Small,0.9233333333333333,0.06666666666666667,0.006666666666666667,0.0033333333333333335
2025-08-22/IMG_0242.JPG,Very Small,Very Small,0.9533333333333334,0.02666666666666667,0.02,0.0
2025-08-22/IMG_0243.JPG,Very Small,Very Small,0.9366666666666666,0.056666666666666664,0.0033333333333333335,0.0033333333333333335
2025-08-22/IMG_0244.JPG,Small,Small,0.0033333333333333335,0.7433333333333333,0.25,0.0033333333333333335
2025-08-22/IMG_0245.JPG,Small,Small,0.03333333333333333,0.95,0.016666666666666666,0.0
2025-08-22/IMG_0246.JPG,Small,Small,0.04666666666666667,0.87,0.08333333333333333,0.0
2025-08-22/IMG_0247.JPG,Small,Small,0.023333333333333334,0.9133333333333333,0.06333333333333334,0.0
2025-08-22/IMG_0248.JPG,Very Small,Very Small,0.9133333333333333,0.08,0.006666666666666667,0.0
2025-08-22/IMG_0249.JPG,Very Small,Very Small,0.9833333333333333,0.01,0.006666666666666667,0.0
2025-08-22/IMG_0250.JPG,Very Small,Very Small,0.88,0.11,0.01,0.0
2025-08-22/IMG_0251.JPG,Very Small,Very Small,0.9666666666666667,0.03333333333333333,0.0,0.0
2025-08-22/IMG_0252.JPG,Small,Small,0.14333333333333334,0.8433333333333334,0.013333333333333334,0.0
2025-08-22/IMG_0254.JPG,Small,Small,0.14666666666666667,0.85,0.0033333333333333335,0.0
2025-08-22/IMG_0255.JPG,Very Small,Very Small,0.89,0.10666666666666667,0.0033333333333333335,0.0
2025-08-22/IMG_0256.JPG,Medium,Medium,0.01,0.12333333333333334,0.8666666666666667,0.0
2025-08-22/IMG_0257.JPG,Medium,Medium,0.023333333333333334,0.25333333333333335,0.7233333333333334,0.0
2025-08-22/IMG_0258.JPG,Medium,Medium,0.0,0.07333333333333333,0.9033333333333333,0.023333333333333334
2025-08-22/IMG_0259.JPG,Very Small,Very Small,0.9566666666666667,0.043333333333333335,0.0,0.0
2025-08-22/IMG_0261.JPG,Medium,Medium,0.0,0.11,0.8833333333333333,0.006666666666666667
2025-08-22/IMG_0262.JPG,Small,Small,0.02666666666666667,0.9666666666666667,0.006666666666666667,0.0
2025-08-22/IMG_0263.JPG,Small,Small,0.02666666666666667,0.9666666666666667,0.006666666666666667,0.0
2025-08-22/IMG_0264.JPG,Small,Small,0.30666666666666664,0.68,0.013333333333333334,0.0
2025-08-22/IMG_0265.JPG,Medium,Medium,0.0033333333333333335,0.25,0.7433333333333333,0.0033333333333333335
2025-08-22/IMG_0266.JPG,Very Small,Very Small,0.9133333333333333,0.08,0.006666666666666667,0.0
2025-08-22/IMG_0267.JPG,Medium,Medium,0.006666666666666667,0.31333333333333335,0.68,0.0
2025-08-22/IMG_0268.JPG,Very Small,Very Small,0.7202272727272727,0.23621212121212123,0.04022727272727273,0.0033333333333333335
2025-08-22/IMG_0269.JPG,Very Small,Very Small,0.7333333333333333,0.2,0.06333333333333334,0.0033333333333333335
2025-08-22/IMG_0270.JPG,Small,Small,0.10333333333333333,0.8533333333333334,0.043333333333333335,0.0
2025-08-22/IMG_0271.JPG,Small,Small,0.016666666666666666,0.9333333333333333,0.05,0.0
2025-08-22/IMG_0272.JPG,Small,Small,0.06333333333333334,0.9033333333333333,0.03333333333333333,0.0
2025-08-22/IMG_0274.JPG,Small,Small,0.07666666666666666,0.8966666666666666,0.02666666666666667,0.0
2025-08-22/IMG_0276.JPG,Small,Small,0.03666666666666667,0.9266666666666666,0.03666666666666667,0.0
2025-08-22/IMG_0278.JPG,Small,Small,0.02666666666666667,0.97,0.0033333333333333335,0.0
2025-08-22/IMG_0279.JPG,Medium,Medium,0.016666666666666666,0.09,0.8733333333333333,0.02
2025-08-22/IMG_0280.JPG,Medium,Medium,0.013333333333333334,0.11666666666666667,0.85,0.02
2025-08-22/IMG_0281.JPG,Medium,Medium,0.0,0.05,0.9333333333333333,0.016666666666666666
2025-08-22/IMG_0283.JPG,Very Small,Very Small,0.98,0.016666666666666666,0.0033333333333333335,0.0
2025-08-22/IMG_0286.JPG,Very Small,Very Small,0.9,0.1,0.0,0.0
2025-08-22/IMG_0289.JPG,Small,Small,0.27,0.72,0.01,0.0
2025-08-22/IMG_0290.JPG,Medium,Medium,0.013560606060606061,0.1162121212121212,0.7802272727272727,0.09
2025-08-22/IMG_0291.JPG,Small,Small,0.036893939393939396,0.8062121212121213,0.14356060606060606,0.013333333333333334
2025-08-22/IMG_0292.JPG,Medium,Medium,0.03666666666666667,0.21666666666666667,0.7466666666666667,0.0
2025-08-22/IMG_0293.JPG,Small,Small,0.13333333333333333,0.82,0.04666666666666667,0.0
2025-08-22/IMG_0297.JPG,Small,Small,0.0568939393939394,0.792878787878788,0.13689393939393937,0.013333333333333334
2025-08-22/IMG_0298.JPG,Very Small,Very Small,0.8766666666666667,0.11,0.013333333333333334,0.0
2025-08-22/IMG_0299.JPG,Very Small,Very Small,0.83,0.14666666666666667,0.023333333333333334,0.0
2025-08-22/IMG_0300.JPG,Small,Small,0.08666666666666667,0.88,0.03,0.0033333333333333335
2025-08-22/IMG_9733.JPG,Small,Small,0.1,0.7933333333333333,0.10333333333333333,0.0033333333333333335
2025-08-22/IMG_9735.JPG,Very Small,Very Small,0.74,0.18666666666666668,0.07,0.0033333333333333335
2025-08-22/IMG_9736.JPG,Medium,Medium,0.043333333333333335,0.07,0.8766666666666667,0.01
2025-08-22/IMG_9738.JPG,Medium,Medium,0.043333333333333335,0.19666666666666666,0.7533333333333333,0.006666666666666667
2025-08-22/IMG_9739.JPG,Small,Small,0.04,0.8833333333333333,0.07333333333333333,0.0033333333333333335
2025-08-22/IMG_9740.JPG,Very Small,Very Small,0.7866666666666666,0.14666666666666667,0.06,0.006666666666666667
2025-08-22/IMG_9741.JPG,Small,Small,0.04666666666666667,0.8466666666666667,0.10333333333333333,0.0033333333333333335
2025-08-22/IMG_9742.JPG,Small,Small,0.15333333333333332,0.7666666666666667,0.07666666666666666,0.0033333333333333335
2025-08-22/IMG_9743.JPG,Medium,Medium,0.023333333333333334,0.11,0.8633333333333333,0.0033333333333333335
2025-08-22/IMG_9744.JPG,Small,Small,0.15666666666666668,0.8033333333333333,0.04,0.0
2025-08-22/IMG_9746.JPG,Medium,Medium,0.07666666666666666,0.14333333333333334,0.7666666666666667,0.013333333333333334
2025-08-22/IMG_9747.JPG,Very Small,Very Small,0.83,0.13,0.04,0.0
2025-08-22/IMG_9748.JPG,Very Small,Very Small,0.91,0.07,0.02,0.0
2025-08-22/IMG_9749.JPG,Very Small,Very Small,0.92,0.07333333333333333,0.006666666666666667,0.0
2025-08-22/IMG_9750.JPG,Medium,Medium,0.016666666666666666,0.13,0.8366666666666667,0.016666666666666666
2025-08-22/IMG_9751.JPG,Medium,Medium,0.013333333333333334,0.03333333333333333,0.87,0.08333333333333333
2025-08-22/IMG_9752.JPG,Medium,Medium,0.0033333333333333335,0.03706349206349206,0.9495238095238097,0.010079365079365079
2025-08-22/IMG_9753.JPG,Medium,Medium,0.023333333333333334,0.08333333333333333,0.8933333333333333,0.0
2025-08-22/IMG_9754.JPG,Very Small,Very Small,0.9366666666666666,0.056666666666666664,0.006666666666666667,0.0
2025-08-22/IMG_9755.JPG,Small,Small,0.02,0.8566666666666667,0.11333333333333333,0.01
2025-08-22/IMG_9757.JPG,Small,Small,0.056666666666666664,0.88,0.05333333333333334,0.01
2025-08-22/IMG_9759.JPG,Medium,Medium,0.0,0.13666666666666666,0.8566666666666667,0.006666666666666667
2025-08-22/IMG_9760.JPG,Small,Small,0.0033333333333333335,0.85,0.14666666666666667,0.0
2025-08-22/IMG_9762.JPG,Very Small,Very Small,0.7066666666666667,0.22333333333333333,0.07,0.0
2025-08-22/IMG_9764.JPG,Medium,Medium,0.05,0.20333333333333334,0.7433333333333333,0.0033333333333333335
2025-08-22/IMG_9766.JPG,Large,Large,0.01,0.02666666666666667,0.26,0.7033333333333334
2025-08-22/IMG_9767.JPG,Small,Small,0.17666666666666667,0.79,0.03333333333333333,0.0
2025-08-22/IMG_9768.JPG,Small,Small,0.016666666666666666,0.8933333333333333,0.08666666666666667,0.0033333333333333335
2025-08-22/IMG_9769.JPG,Medium,Medium,0.013333333333333334,0.2503968253968254,0.7361904761904762,7.936507936507937e-05
2025-08-22/IMG_9770.JPG,Medium,Medium,0.043333333333333335,0.15333333333333332,0.8,0.0033333333333333335
2025-08-22/IMG_9772.JPG,Medium,Medium,0.013333333333333334,0.18333333333333332,0.8,0.0033333333333333335
2025-08-22/IMG_9773.JPG,Medium,Medium,0.02666666666666667,0.15333333333333332,0.8166666666666667,0.0033333333333333335
2025-08-22/IMG_9774.JPG,Medium,Medium,0.013333333333333334,0.12666666666666668,0.8566666666666667,0.0033333333333333335
2025-08-22/IMG_9775.JPG,Very Small,Very Small,0.9633333333333334,0.03333333333333333,0.0033333333333333335,0.0
2025-08-22/IMG_9776.JPG,Small,Small,0.03,0.9333333333333333,0.03666666666666667,0.0
2025-08-22/IMG_9777.JPG,Medium,Medium,0.01,0.016666666666666666,0.9166666666666666,0.056666666666666664
2025-08-22/IMG_9778.JPG,Small,Small,0.24333333333333335,0.7,0.056666666666666664,0.0
2025-08-22/IMG_9779.JPG,Very Small,Very Small,0.9833333333333333,0.01,0.006666666666666667,0.0
2025-08-22/IMG_9780.JPG,Very Small,Very Small,0.85,0.13333333333333333,0.016666666666666666,0.0
2025-08-22/IMG_9782.JPG,Very Small,Very Small,0.8633333333333333,0.13333333333333333,0.0033333333333333335,0.0
2025-08-22/IMG_9783.JPG,Medium,Medium,0.006666666666666667,0.26706349206349206,0.7228571428571429,0.0034126984126984124
2025-08-22/IMG_9784.JPG,Medium,Medium,0.09666666666666666,0.17333333333333334,0.73,0.0
2025-08-22/IMG_9785.JPG,Small,Small,0.013333333333333334,0.9333333333333333,0.05,0.0033333333333333335
2025-08-22/IMG_9786.JPG,Medium,Medium,0.016666666666666666,0.16666666666666666,0.8166666666666667,0.0
2025-08-22/IMG_9787.JPG,Very Small,Very Small,0.99,0.0033333333333333335,0.006666666666666667,0.0
2025-08-22/IMG_9788.JPG,Very Small,Very Small,0.8266666666666667,0.15333333333333332,0.02,0.0
2025-08-22/IMG_9791.JPG,Small,Small,0.0,0.9637301587301587,0.03619047619047619,7.936507936507937e-05
2025-08-22/IMG_9792.JPG,Very Small,Very Small,0.9833333333333333,0.016666666666666666,0.0,0.0
2025-08-22/IMG_9793.JPG,Small,Small,0.02666666666666667,0.7033333333333334,0.25666666666666665,0.013333333333333334
2025-08-22/IMG_9795.JPG,Small,Small,0.03333333333333333,0.9233333333333333,0.043333333333333335,0.0
2025-08-22/IMG_9797.JPG,Small,Small,0.01,0.86,0.13,0.0
2025-08-22/IMG_9798.JPG,Medium,Medium,0.0,0.05373015873015873,0.9361904761904764,0.010079365079365079
2025-08-22/IMG_9799.JPG,Small,Small,0.21,0.7733333333333333,0.016666666666666666,0.0
2025-08-22/IMG_9802.JPG,Small,Small,0.03333333333333333,0.8685714285714285,0.0980952380952381,0.0
2025-08-22/IMG_9803.JPG,Medium,Medium,0.013333333333333334,0.1103968253968254,0.8661904761904763,0.010079365079365079
2025-08-22/IMG_9804.JPG,Very Small,Very Small,0.92,0.07333333333333333,0.006666666666666667,0.0
2025-08-22/IMG_9805.JPG,Medium,Medium,0.0033333333333333335,0.05333333333333334,0.92,0.023333333333333334
2025-08-22/IMG_9807.JPG,Very Small,Very Small,0.68,0.29,0.03,0.0
2025-08-22/IMG_9810.JPG,Large,Large,0.0,0.006666666666666667,0.02,0.9733333333333334
2025-08-22/IMG_9811.JPG,Medium,Medium,0.006666666666666667,0.12333333333333334,0.8666666666666667,0.0033333333333333335
2025-08-22/IMG_9812.JPG,Large,Large,0.0,0.016666666666666666,0.10666666666666667,0.8766666666666667
2025-08-22/IMG_9813.JPG,Medium,Medium,0.00022727272727272725,0.053275613275613275,0.8830844155844155,0.06341269841269842
2025-08-22/IMG_9815.JPG,Large,Large,0.0033333333333333335,0.0,0.016666666666666666,0.98
2025-08-22/IMG_9816.JPG,Very Small,Very Small,0.85,0.11333333333333333,0.023333333333333334,0.013333333333333334
2025-08-22/IMG_9817.JPG,Very Small,Very Small,0.69,0.20333333333333334,0.10666666666666667,0.0
2025-08-22/IMG_9818.JPG,Medium,Medium,0.0,0.02,0.8633333333333333,0.11666666666666667
2025-08-22/IMG_9820.JPG,Medium,Medium,0.0033333333333333335,0.017063492063492062,0.9495238095238097,0.03007936507936508
2025-08-22/IMG_9822.JPG,Large,Large,0.0,0.0033333333333333335,0.02,0.9766666666666667
2025-08-22/IMG_9823.JPG,Large,Large,0.0033333333333333335,0.016666666666666666,0.02,0.96
2025-08-22/IMG_9827.JPG,Large,Large,0.0033333333333333335,0.0,0.013333333333333334,0.9833333333333333
2025-08-22/IMG_9832.JPG,Large,Large,0.0,0.0,0.0033333333333333335,0.9966666666666667
2025-08-22/IMG_9833.JPG,Small,Small,0.023333333333333334,0.8666666666666667,0.1,0.01
2025-08-22/IMG_9834.JPG,Medium,Medium,0.02,0.09333333333333334,0.8433333333333334,0.043333333333333335
2025-08-22/IMG_9835.JPG,Medium,Medium,0.0033333333333333335,0.006666666666666667,0.9266666666666666,0.06333333333333334
2025-08-22/IMG_9837.JPG,Medium,Medium,0.0033333333333333335,0.0803030303030303,0.913030303030303,0.0033333333333333335
2025-08-22/IMG_9839.JPG,Medium,Medium,0.0,0.013333333333333334,0.84,0.14666666666666667
2025-08-22/IMG_9840.JPG,Medium,Medium,0.0,0.013333333333333334,0.8533333333333334,0.13333333333333333
2025-08-22/IMG_9842.JPG,Medium,Medium,0.0,0.016666666666666666,0.8233333333333334,0.16
2025-08-22/IMG_9843.JPG,Large,Large,0.0033333333333333335,0.0,0.07,0.9266666666666666
2025-08-22/IMG_9844.JPG,Large,Large,0.0,0.01,0.03,0.96
2025-08-22/IMG_9845.JPG,Large,Large,0.0,0.016666666666666666,0.056666666666666664,0.9266666666666666
2025-08-22/IMG_9846.JPG,Large,Large,0.0033333333333333335,0.02,0.023333333333333334,0.9533333333333334
2025-08-22/IMG_9847.JPG,Large,Large,0.0033333333333333335,0.0,0.03,0.9666666666666667
2025-08-22/IMG_9848.JPG,Medium,Medium,0.0,0.03666666666666667,0.95,0.013333333333333334
2025-08-22/IMG_9849.JPG,Medium,Medium,0.01,0.02,0.8866666666666667,0.08333333333333333
2025-08-22/IMG_9851.JPG,Very Small,Very Small,0.94,0.04666666666666667,0.01,0.0033333333333333335
2025-08-22/IMG_9853.JPG,Medium,Medium,0.01,0.056666666666666664,0.8933333333333333,0.04
2025-08-22/IMG_9854.JPG,Large,Large,0.0033333333333333335,0.01,0.06,0.9266666666666666
2025-08-22/IMG_9855.JPG,Large,Large,0.006666666666666667,0.02,0.07333333333333333,0.9
2025-08-22/IMG_9856.JPG,Large,Large,0.023333333333333334,0.04,0.10666666666666667,0.83
2025-08-22/IMG_9859.JPG,Large,Large,0.0033333333333333335,0.03,0.06666666666666667,0.9
2025-08-22/IMG_9860.JPG,Large,Large,0.016666666666666666,0.02666666666666667,0.04666666666666667,0.91
2025-08-22/IMG_9861.JPG,Small,Small,0.016666666666666666,0.8306998556998557,0.14255411255411257,0.010079365079365079
2025-08-22/IMG_9863.JPG,Small,Small,0.08333333333333333,0.8433333333333334,0.06666666666666667,0.006666666666666667
2025-08-22/IMG_9864.JPG,Medium,Medium,0.0033333333333333335,0.14666666666666667,0.84,0.01
2025-08-22/IMG_9865.JPG,Very Small,Very Small,0.8633333333333333,0.13,0.006666666666666667,0.0
2025-08-22/IMG_9866.JPG,Small,Small,0.016666666666666666,0.9333333333333333,0.04666666666666667,0.0033333333333333335
2025-08-22/IMG_9870.JPG,Large,Large,0.0,0.01,0.05,0.94
2025-08-22/IMG_9871.JPG,Large,Large,0.0,0.0033333333333333335,0.07333333333333333,0.9233333333333333
2025-08-22/IMG_9872.JPG,Large,Large,0.01,0.01,0.05333333333333334,0.9266666666666666
2025-08-22/IMG_9875.JPG,Small,Small,0.03333333333333333,0.8866666666666667,0.07666666666666666,0.0033333333333333335
2025-08-22/IMG_9878.JPG,Very Small,Very Small,0.8133333333333334,0.14666666666666667,0.03666666666666667,0.0033333333333333335
2025-08-22/IMG_9881.JPG,Very Small,Very Small,0.7,0.25,0.03666666666666667,0.013333333333333334
2025-08-22/IMG_9882.JPG,Small,Small,0.07666666666666666,0.9,0.023333333333333334,0.0
2025-08-22/IMG_9885.JPG,Medium,Medium,0.02,0.1019047619047619,0.7680952380952382,0.11
2025-08-22/IMG_9886.JPG,Small,Small,0.06333333333333334,0.8166666666666667,0.11333333333333333,0.006666666666666667
2025-08-22/IMG_9887.JPG,Medium,Medium,0.03333333333333333,0.13373015873015873,0.8028571428571428,0.03007936507936508
2025-08-22/IMG_9889.JPG,Small,Small,0.08666666666666667,0.7766666666666666,0.13,0.006666666666666667
2025-08-22/IMG_9890.JPG,Small,Small,0.09333333333333334,0.7537301587301587,0.12619047619047621,0.026746031746031747
2025-08-22/IMG_9891.JPG,Small,Small,0.04666666666666667,0.8766666666666667,0.07333333333333333,0.0033333333333333335
2025-08-22/IMG_9892.JPG,Small,Small,0.04666666666666667,0.9366666666666666,0.016666666666666666,0.0
2025-08-22/IMG_9893.JPG,Small,Small,0.03,0.95,0.02,0.0
2025-08-22/IMG_9894.JPG,Small,Small,0.1,0.8766666666666667,0.023333333333333334,0.0
2025-08-22/IMG_9895.JPG,Small,Small,0.03,0.87,0.1,0.0
2025-08-22/IMG_9897.JPG,Small,Small,0.043333333333333335,0.9066666666666666,0.04666666666666667,0.0033333333333333335
2025-08-22/IMG_9898.JPG,Small,Small,0.22333333333333333,0.74,0.03666666666666667,0.0
2025-08-22/IMG_9899.JPG,Small,Small,0.03666666666666667,0.95,0.013333333333333334,0.0
2025-08-22/IMG_9903.JPG,Small,Small,0.023333333333333334,0.8166666666666667,0.16,0.0
2025-08-22/IMG_9904.JPG,Small,Small,0.19333333333333333,0.7833333333333333,0.02,0.0033333333333333335
2025-08-22/IMG_9905.JPG,Small,Small,0.043333333333333335,0.88,0.07333333333333333,0.0033333333333333335
2025-08-22/IMG_9907.JPG,Small,Small,0.02,0.8203968253968253,0.14952380952380953,0.010079365079365079
2025-08-22/IMG_9908.JPG,Small,Small,0.0033333333333333335,0.7637301587301587,0.2261904761904762,0.0067460317460317455
2025-08-22/IMG_9909.JPG,Small,Small,0.0,0.7066666666666667,0.28,0.013333333333333334
2025-08-22/IMG_9910.JPG,Very Small,Very Small,0.8266666666666667,0.15,0.023333333333333334,0.0
2025-08-22/IMG_9911.JPG,Small,Small,0.13814393939393937,0.8182954545454547,0.026893939393939394,0.016666666666666666
2025-08-22/IMG_9912.JPG,Small,Small,0.16703282828282826,0.7994065656565658,0.030227272727272728,0.0033333333333333335
2025-08-22/IMG_9914.JPG,Very Small,Very Small,0.8704761904761904,0.11285714285714286,0.016666666666666666,0.0
2025-08-22/IMG_9916.JPG,Small,Small,0.22333333333333333,0.7633333333333333,0.013333333333333334,0.0
2025-08-22/IMG_9917.JPG,Small,Small,0.32,0.68,0.0,0.0
2025-08-22/IMG_9918.JPG,Very Small,Very Small,0.8091161616161616,0.17398989898989897,0.016893939393939395,0.0
2025-08-22/IMG_9920.JPG,Very Small,Very Small,0.833560606060606,0.13954545454545453,0.026893939393939394,0.0
2025-08-22/IMG_9921.JPG,Very Small,Very Small,0.78,0.21,0.01,0.0
2025-08-22/IMG_9922.JPG,Very Small,Very Small,0.93,0.07,0.0,0.0
2025-08-22/IMG_9923.JPG,Small,Small,0.26666666666666666,0.7266666666666667,0.006666666666666667,0.0
2025-08-22/IMG_9925.JPG,Very Small,Very Small,0.8933333333333333,0.1,0.006666666666666667,0.0
2025-08-22/IMG_9927.JPG,Very Small,Very Small,0.84,0.08,0.043333333333333335,0.03666666666666667
2025-08-22/IMG_9929.JPG,Very Small,Very Small,0.8266666666666667,0.15333333333333332,0.016666666666666666,0.0033333333333333335
2025-08-22/IMG_9930.JPG,Very Small,Very Small,0.83,0.14,0.03,0.0
2025-08-22/IMG_9931.JPG,Very Small,Very Small,0.95,0.04,0.01,0.0
2025-08-22/IMG_9932.JPG,Very Small,Very Small,0.8666666666666667,0.10333333333333333,0.02666666666666667,0.0033333333333333335
2025-08-22/IMG_9936.JPG,Very Small,Very Small,0.8291161616161615,0.163989898989899,0.006893939393939394,0.0
2025-08-22/IMG_9937.JPG,Small,Small,0.10022727272727272,0.8595454545454546,0.04022727272727273,0.0
2025-08-22/IMG_9938.JPG,Very Small,Very Small,0.8357828282828282,0.15732323232323234,0.006893939393939394,0.0
2025-08-22/IMG_9939.JPG,Small,Small,0.08689393939393938,0.8328787878787879,0.08022727272727272,0.0
2025-08-22/IMG_9940.JPG,Small,Small,0.13703282828282826,0.8160732323232324,0.04022727272727273,0.006666666666666667
2025-08-22/IMG_9941.JPG,Small,Small,0.13,0.8433333333333334,0.023333333333333334,0.0033333333333333335
2025-08-22/IMG_9942.JPG,Small,Small,0.16578282828282828,0.8006565656565657,0.03356060606060606,0.0
2025-08-22/IMG_9944.JPG,Very Small,Very Small,0.8333333333333334,0.13,0.03,0.006666666666666667
2025-08-22/IMG_9945.JPG,Very Small,Very Small,0.9,0.09,0.01,0.0
2025-08-22/IMG_9946.JPG,Very Small,Very Small,0.78,0.18666666666666668,0.03333333333333333,0.0
2025-08-22/IMG_9947.JPG,Very Small,Very Small,0.8355555555555555,0.1311111111111111,0.03333333333333333,0.0
2025-08-22/IMG_9949.JPG,Small,Small,0.08036616161616161,0.8460732323232324,0.06356060606060607,0.01
2025-08-22/IMG_9950.JPG,Small,Small,0.11244949494949495,0.8439898989898991,0.036893939393939396,0.006666666666666667
2025-08-22/IMG_9951.JPG,Very Small,Very Small,0.82,0.16666666666666666,0.006666666666666667,0.006666666666666667
2025-08-22/IMG_9952.JPG,Very Small,Very Small,0.801111111111111,0.18222222222222223,0.016666666666666666,0.0
2025-08-22/IMG_9954.JPG,Very Small,Very Small,0.79,0.16666666666666666,0.043333333333333335,0.0
2025-08-22/IMG_9956.JPG,Small,Small,0.25356060606060604,0.7047835497835497,0.041655844155844154,0.0
2025-08-22/IMG_9958.JPG,Very Small,Very Small,0.7501388888888889,0.10652777777777778,0.11666666666666667,0.02666666666666667
2025-08-22/IMG_9959.JPG,Very Small,Very Small,0.8833333333333333,0.10333333333333333,0.013333333333333334,0.0
2025-08-22/IMG_9961.JPG,Very Small,Very Small,0.9133333333333333,0.08,0.006666666666666667,0.0
2025-08-22/IMG_9962.JPG,Very Small,Very Small,0.8133333333333334,0.16333333333333333,0.023333333333333334,0.0
2025-08-22/IMG_9963.JPG,Small,Small,0.2544444444444445,0.7355555555555556,0.01,0.0
2025-08-22/IMG_9967.JPG,Very Small,Very Small,0.7955555555555556,0.17444444444444446,0.03,0.0
2025-08-22/IMG_9968.JPG,Very Small,Very Small,0.8116666666666666,0.15,0.03833333333333333,0.0
2025-08-22/IMG_9971.JPG,Small,Small,0.23,0.75,0.016666666666666666,0.0033333333333333335
2025-08-22/IMG_9972.JPG,Very Small,Very Small,0.8144444444444444,0.14555555555555558,0.04,0.0
2025-08-22/IMG_9973.JPG,Very Small,Very Small,0.91,0.07666666666666666,0.01,0.0033333333333333335
2025-08-22/IMG_9976.JPG,Small,Small,0.24333333333333335,0.6966666666666667,0.056666666666666664,0.0033333333333333335
2025-08-22/IMG_9977.JPG,Very Small,Very Small,0.8233333333333334,0.17333333333333334,0.0033333333333333335,0.0
2025-08-22/IMG_9979.JPG,Very Small,Very Small,0.6870328282828282,0.25607323232323237,0.04022727272727273,0.016666666666666666
2025-08-22/IMG_9981.JPG,Small,Small,0.26,0.7,0.04,0.0
2025-08-22/IMG_9982.JPG,Very Small,Very Small,0.7855555555555556,0.16777777777777778,0.043333333333333335,0.0033333333333333335
2025-08-22/IMG_9983.JPG,Very Small,Very Small,0.8833333333333333,0.10666666666666667,0.01,0.0
2025-08-22/IMG_9984.JPG,Very Small,Very Small,0.91,0.08666666666666667,0.0,0.0033333333333333335
2025-08-22/IMG_9985.JPG,Very Small,Very Small,0.8666666666666667,0.11666666666666667,0.016666666666666666,0.0
2025-08-22/IMG_9986.JPG,Very Small,Very Small,0.8933333333333333,0.10333333333333333,0.0033333333333333335,0.0
2025-08-22/IMG_9987.JPG,Very Small,Very Small,0.83,0.15666666666666668,0.013333333333333334,0.0
2025-08-22/IMG_9988.JPG,Small,Small,0.18888888888888888,0.7944444444444445,0.016666666666666666,0.0
2025-08-22/IMG_9990.JPG,Small,Small,0.3088888888888889,0.6877777777777778,0.0033333333333333335,0.0
2025-08-22/IMG_9991.JPG,Very Small,Very Small,0.96,0.04,0.0,0.0
2025-08-22/IMG_9993.JPG,Very Small,Very Small,0.720921717171717,0.26218434343434344,0.016893939393939395,0.0
2025-08-22/IMG_9994.JPG,Very Small,Very Small,0.7188888888888889,0.24444444444444444,0.03333333333333333,0.0033333333333333335
2025-08-22/IMG_9996.JPG,Small,Small,0.15180555555555555,0.8181944444444444,0.02666666666666667,0.0033333333333333335
2025-08-22/IMG_9998.JPG,Very Small,Very Small,0.83,0.15666666666666668,0.013333333333333334,0.0
2025-08-22/IMG_9999.JPG,Very Small,Very Small,0.7434722222222222,0.20319444444444446,0.05333333333333334,0.0
2025-09-29/IMG_1672.JPG,Small,Small,0.11333333333333333,0.8733333333333333,0.013333333333333334,0.0
2025-09-29/IMG_1673.JPG,Small,Small,0.12,0.8733333333333333,0.006666666666666667,0.0
2025-09-29/IMG_1674.JPG,Small,Small,0.02666666666666667,0.7766666666666666,0.19333333333333333,0.0033333333333333335
2025-09-29/IMG_1675.JPG,Medium,Medium,0.013333333333333334,0.05333333333333334,0.9266666666666666,0.006666666666666667
2025-09-29/IMG_1677.JPG,Small,Small,0.02,0.7733333333333333,0.20666666666666667,0.0
2025-09-29/IMG_1678.JPG,Small,Small,0.05,0.8933333333333333,0.05333333333333334,0.0033333333333333335
2025-09-29/IMG_1679.JPG,Medium,Medium,0.01,0.09,0.9,0.0
2025-09-29/IMG_1681.JPG,Medium,Medium,0.006666666666666667,0.03,0.9633333333333334,0.0
2025-09-29/IMG_1684.JPG,Medium,Medium,0.006666666666666667,0.07,0.92,0.0033333333333333335
2025-09-29/IMG_1685.JPG,Very Small,Very Small,0.86,0.1,0.03666666666666667,0.0033333333333333335
2025-09-29/IMG_1688.JPG,Very Small,Very Small,0.8933333333333333,0.09,0.016666666666666666,0.0
2025-09-29/IMG_1689.JPG,Very Small,Very Small,0.72,0.24,0.04,0.0
2025-09-29/IMG_1690.JPG,Medium,Medium,0.01,0.03666666666666667,0.9533333333333334,0.0
2025-09-29/IMG_1691.JPG,Medium,Medium,0.006666666666666667,0.03,0.9533333333333334,0.01
2025-09-29/IMG_1692.JPG,Medium,Medium,0.013333333333333334,0.08333333333333333,0.9033333333333333,0.0
2025-09-29/IMG_1693.JPG,Medium,Medium,0.02666666666666667,0.23666666666666666,0.7333333333333333,0.0033333333333333335
2025-09-29/IMG_1697.JPG,Medium,Medium,0.006666666666666667,0.23333333333333334,0.76,0.0
2025-09-29/IMG_1699.JPG,Medium,Medium,0.013333333333333334,0.15333333333333332,0.8266666666666667,0.006666666666666667
2025-09-29/IMG_1700.JPG,Small,Small,0.016666666666666666,0.7966666666666666,0.18666666666666668,0.0
2025-09-29/IMG_1701.JPG,Small,Small,0.22333333333333333,0.7333333333333333,0.043333333333333335,0.0
2025-09-29/IMG_1702.JPG,Very Small,Very Small,0.74,0.16,0.1,0.0
2025-09-29/IMG_1703.JPG,Very Small,Very Small,0.78,0.19666666666666666,0.023333333333333334,0.0
2025-09-29/IMG_1704.JPG,Medium,Medium,0.0,0.15,0.8466666666666667,0.0033333333333333335
2025-09-29/IMG_1705.JPG,Very Small,Very Small,0.97,0.016666666666666666,0.013333333333333334,0.0
2025-09-29/IMG_1706.JPG,Medium,Medium,0.01,0.06333333333333334,0.9066666666666666,0.02
2025-09-29/IMG_1707.JPG,Small,Small,0.016666666666666666,0.92,0.06,0.0033333333333333335
2025-09-29/IMG_1708.JPG,Small,Small,0.02666666666666667,0.9666666666666667,0.006666666666666667,0.0
2025-09-29/IMG_1709.JPG,Small,Small,0.016666666666666666,0.8,0.18333333333333332,0.0
2025-09-29/IMG_1710.JPG,Medium,Medium,0.013333333333333334,0.07,0.9166666666666666,0.0
2025-09-29/IMG_1711.JPG,Very Small,Very Small,0.9466666666666667,0.05,0.0033333333333333335,0.0
2025-09-29/IMG_1712.JPG,Small,Small,0.10666666666666667,0.7433333333333333,0.15,0.0
2025-09-29/IMG_1713.JPG,Medium,Medium,0.02,0.08,0.89,0.01
2025-09-29/IMG_1714.JPG,Medium,Medium,0.0033333333333333335,0.01,0.9866666666666667,0.0
2025-09-29/IMG_1715.JPG,Very Small,Very Small,0.9533333333333334,0.02666666666666667,0.016666666666666666,0.0033333333333333335
2025-09-29/IMG_1716.JPG,Very Small,Very Small,0.6733333333333333,0.32,0.006666666666666667,0.0
2025-09-29/IMG_1717.JPG,Medium,Medium,0.0033333333333333335,0.08,0.9166666666666666,0.0
2025-09-29/IMG_1718.JPG,Small,Small,0.21,0.77,0.02,0.0
2025-09-29/IMG_1719.JPG,Very Small,Very Small,0.9233333333333333,0.06333333333333334,0.013333333333333334,0.0
2025-09-29/IMG_1720.JPG,Small,Small,0.10333333333333333,0.8533333333333334,0.043333333333333335,0.0
2025-09-29/IMG_1721.JPG,Very Small,Very Small,0.99,0.01,0.0,0.0
2025-09-29/IMG_1722.JPG,Very Small,Very Small,0.7733333333333333,0.21666666666666667,0.006666666666666667,0.0033333333333333335
2025-09-29/IMG_1723.JPG,Medium,Medium,0.013333333333333334,0.07333333333333333,0.9133333333333333,0.0
2025-09-29/IMG_1725.JPG,Small,Small,0.023333333333333334,0.8933333333333333,0.07666666666666666,0.006666666666666667
2025-09-29/IMG_1726.JPG,Small,Small,0.02666666666666667,0.92,0.05333333333333334,0.0
2025-09-29/IMG_1727.JPG,Very Small,Very Small,0.9566666666666667,0.04,0.0033333333333333335,0.0
2025-09-29/IMG_1728.JPG,Very Small,Very Small,0.96,0.03333333333333333,0.006666666666666667,0.0
2025-09-29/IMG_1729.JPG,Very Small,Very Small,0.98,0.013333333333333334,0.006666666666666667,0.0
2025-09-29/IMG_1731.JPG,Small,Small,0.08,0.8733333333333333,0.04666666666666667,0.0
2025-09-29/IMG_1732.JPG,Very Small,Very Small,0.9433333333333334,0.05,0.006666666666666667,0.0
2025-09-29/IMG_1735.JPG,Very Small,Very Small,0.8233333333333334,0.17,0.006666666666666667,0.0
2025-09-29/IMG_1736.JPG,Very Small,Very Small,0.95,0.03666666666666667,0.01,0.0033333333333333335
2025-09-29/IMG_1737.JPG,Small,Small,0.25,0.7433333333333333,0.006666666666666667,0.0
2025-09-29/IMG_1738.JPG,Medium,Medium,0.0,0.09666666666666666,0.9033333333333333,0.0
2025-09-29/IMG_1739.JPG,Small,Small,0.07666666666666666,0.85,0.07333333333333333,0.0
2025-09-29/IMG_1740.JPG,Small,Small,0.10333333333333333,0.89,0.006666666666666667,0.0
2025-09-29/IMG_1742.JPG,Small,Small,0.05,0.79,0.15333333333333332,0.006666666666666667
2025-09-29/IMG_1746.JPG,Medium,Medium,0.016666666666666666,0.1,0.8766666666666667,0.006666666666666667
2025-09-29/IMG_1748.JPG,Very Small,Very Small,0.87,0.09333333333333334,0.03666666666666667,0.0
2025-09-29/IMG_1750.JPG,Medium,Medium,0.03,0.12333333333333334,0.84,0.006666666666666667
2025-09-29/IMG_1751.JPG,Small,Small,0.22333333333333333,0.7566666666666667,0.02,0.0
2025-09-29/IMG_1752.JPG,Small,Small,0.15356060606060604,0.8395454545454546,0.006893939393939394,0.0
2025-09-29/IMG_1753.JPG,Small,Small,0.08356060606060607,0.8928787878787879,0.02022727272727273,0.0033333333333333335
2025-09-29/IMG_1754.JPG,Very Small,Very Small,0.8033333333333333,0.18666666666666668,0.01,0.0
2025-09-29/IMG_1755.JPG,Medium,Medium,0.05,0.14666666666666667,0.79,0.013333333333333334
2025-09-29/IMG_1757.JPG,Very Small,Very Small,0.7766666666666666,0.20666666666666667,0.016666666666666666,0.0
2025-09-29/IMG_1759.JPG,Very Small,Very Small,0.7266666666666667,0.23666666666666666,0.03666666666666667,0.0
2025-09-29/IMG_1760.JPG,Very Small,Very Small,0.9066666666666666,0.08666666666666667,0.006666666666666667,0.0
2025-09-29/IMG_1761.JPG,Small,Small,0.036893939393939396,0.8862121212121212,0.0768939393939394,0.0
2025-09-29/IMG_1763.JPG,Medium,Medium,0.02,0.20333333333333334,0.77,0.006666666666666667
2025-09-29/IMG_1764.JPG,Small,Small,0.18666666666666668,0.78,0.03333333333333333,0.0
2025-09-29/IMG_1768.JPG,Medium,Medium,0.03333333333333333,0.26666666666666666,0.6866666666666666,0.013333333333333334
2025-09-29/IMG_1769.JPG,Medium,Medium,0.023333333333333334,0.3233333333333333,0.6366666666666667,0.016666666666666666
2025-09-29/IMG_1770.JPG,Very Small,Very Small,1.0,0.0,0.0,0.0
2025-09-29/IMG_1772.JPG,Very Small,Very Small,0.99,0.01,0.0,0.0
2025-09-29/IMG_1773.JPG,Very Small,Very Small,0.97,0.02666666666666667,0.0033333333333333335,0.0
2025-09-29/IMG_1776.JPG,Very Small,Very Small,0.99,0.01,0.0,0.0
2025-09-29/IMG_1777.JPG,Very Small,Very Small,0.9833333333333333,0.01,0.006666666666666667,0.0
2025-09-29/IMG_1779.JPG,Very Small,Very Small,0.99,0.006666666666666667,0.0,0.0033333333333333335
2025-09-29/IMG_1780.JPG,Small,Small,0.05333333333333334,0.83,0.11,0.006666666666666667
2025-09-29/IMG_1781.JPG,Small,Small,0.013333333333333334,0.82,0.16,0.006666666666666667
2025-09-29/IMG_1784.JPG,Small,Small,0.006666666666666667,0.83,0.15666666666666668,0.006666666666666667
2025-09-29/IMG_1785.JPG,Very Small,Very Small,0.9733333333333334,0.023333333333333334,0.0033333333333333335,0.0
2025-09-29/IMG_1786.JPG,Very Small,Very Small,1.0,0.0,0.0,0.0
2025-09-29/IMG_1787.JPG,Very Small,Very Small,0.99,0.006666666666666667,0.0,0.0033333333333333335
2025-09-29/IMG_1788.JPG,Very Small,Very Small,0.76,0.22333333333333333,0.016666666666666666,0.0
2025-09-29/IMG_1791.JPG,Very Small,Very Small,0.9966666666666667,0.0033333333333333335,0.0,0.0
2025-09-29/IMG_1792.JPG,Small,Small,0.14689393939393938,0.8028787878787879,0.0468939393939394,0.0033333333333333335
2025-09-29/IMG_1793.JPG,Very Small,Very Small,0.89,0.07333333333333333,0.02666666666666667,0.01
2025-09-29/IMG_1794.JPG,Very Small,Very Small,0.94,0.05333333333333334,0.006666666666666667,0.0
2025-09-29/IMG_1797.JPG,Small,Small,0.03666666666666667,0.87,0.08666666666666667,0.006666666666666667
2025-09-29/IMG_1799.JPG,Small,Small,0.27666666666666667,0.7166666666666667,0.006666666666666667,0.0
2025-09-29/IMG_1800.JPG,Very Small,Very Small,0.9833333333333333,0.013333333333333334,0.0033333333333333335,0.0
2025-09-29/IMG_1801.JPG,Very Small,Very Small,0.99,0.006666666666666667,0.0033333333333333335,0.0
2025-09-29/IMG_1802.JPG,Very Small,Very Small,0.9766666666666667,0.016666666666666666,0.0033333333333333335,0.0033333333333333335
2025-09-29/IMG_1803.JPG,Very Small,Very Small,0.9866666666666667,0.01,0.0033333333333333335,0.0
2025-09-29/IMG_1804.JPG,Very Small,Very Small,0.9866666666666667,0.013333333333333334,0.0,0.0
2025-09-29/IMG_1806.JPG,Very Small,Very Small,0.8033333333333333,0.19333333333333333,0.0033333333333333335,0.0
2025-09-29/IMG_1809.JPG,Medium,Medium,0.016666666666666666,0.06666666666666667,0.84,0.07666666666666666
2025-09-29/IMG_1811.JPG,Medium,Medium,0.20666666666666667,0.1719047619047619,0.6180952380952381,0.0033333333333333335
2025-09-29/IMG_1815.JPG,Very Small,Very Small,0.8866666666666667,0.11,0.0033333333333333335,0.0
2025-09-29/IMG_1816.JPG,Very Small,Very Small,0.8433333333333334,0.13,0.02,0.006666666666666667
2025-09-29/IMG_1817.JPG,Very Small,Very Small,0.9633333333333334,0.03333333333333333,0.0033333333333333335,0.0
2025-09-29/IMG_1818.JPG,Very Small,Very Small,0.78,0.2,0.016666666666666666,0.0033333333333333335
2025-09-29/IMG_1819.JPG,Small,Small,0.11,0.8166666666666667,0.06666666666666667,0.006666666666666667
2025-09-29/IMG_1820.JPG,Very Small,Very Small,0.9966666666666667,0.0033333333333333335,0.0,0.0
2025-09-29/IMG_1821.JPG,Very Small,Very Small,0.9933333333333333,0.006666666666666667,0.0,0.0
2025-09-29/IMG_1822.JPG,Very Small,Very Small,0.9566666666666667,0.02,0.013333333333333334,0.01
2025-09-29/IMG_1824.JPG,Medium,Medium,0.02,0.11666666666666667,0.82,0.043333333333333335
2025-09-29/IMG_1825.JPG,Small,Small,0.03,0.8533333333333334,0.1,0.016666666666666666
2025-09-29/IMG_1826.JPG,Small,Small,0.18333333333333332,0.7766666666666666,0.04,0.0
2025-09-29/IMG_1827.JPG,Medium,Medium,0.08,0.17666666666666667,0.74,0.0033333333333333335
2025-09-29/IMG_1828.JPG,Small,Small,0.18,0.81,0.01,0.0
2025-09-29/IMG_1830.JPG,Small,Small,0.02666666666666667,0.8833333333333333,0.08666666666666667,0.0033333333333333335
2025-09-29/IMG_1831.JPG,Small,Small,0.043333333333333335,0.8966666666666666,0.06,0.0
2025-09-29/IMG_1832.JPG,Small,Small,0.06333333333333334,0.8766666666666667,0.06,0.0
2025-09-29/IMG_1833.JPG,Small,Small,0.07666666666666666,0.8866666666666667,0.03666666666666667,0.0
2025-09-29/IMG_1834.JPG,Small,Small,0.006666666666666667,0.8833333333333333,0.1,0.01
2025-09-29/IMG_1835.JPG,Small,Small,0.05333333333333334,0.89,0.056666666666666664,0.0
2025-09-29/IMG_1836.JPG,Small,Small,0.03666666666666667,0.9166666666666666,0.04666666666666667,0.0
2025-09-29/IMG_1838.JPG,Small,Small,0.07,0.8466666666666667,0.08,0.0033333333333333335
2025-09-29/IMG_1840.JPG,Small,Small,0.05333333333333334,0.9066666666666666,0.04,0.0
2025-09-29/IMG_1841.JPG,Small,Small,0.02666666666666667,0.8966666666666666,0.07333333333333333,0.0033333333333333335
2025-09-29/IMG_1843.JPG,Small,Small,0.09,0.8733333333333333,0.03333333333333333,0.0033333333333333335
2025-09-29/IMG_1844.JPG,Small,Small,0.02666666666666667,0.8,0.16666666666666666,0.006666666666666667
2025-09-29/IMG_1845.JPG,Small,Small,0.05333333333333334,0.8866666666666667,0.06,0.0
2025-09-29/IMG_1846.JPG,Small,Small,0.02,0.9133333333333333,0.056666666666666664,0.01
2025-09-29/IMG_1847.JPG,Medium,Medium,0.08,0.214,0.7060000000000001,0.0
2025-09-29/IMG_1848.JPG,Medium,Medium,0.05,0.33,0.62,0.0
2025-09-29/IMG_1849.JPG,Small,Small,0.08333333333333333,0.6766666666666666,0.16666666666666666,0.07333333333333333
2025-09-29/IMG_1850.JPG,Small,Small,0.09,0.8733333333333333,0.02,0.016666666666666666
2025-09-29/IMG_1854.JPG,Very Small,Very Small,0.8966666666666666,0.08333333333333333,0.01,0.01
2025-09-29/IMG_1857.JPG,Very Small,Very Small,0.85,0.11666666666666667,0.03,0.0033333333333333335
2025-09-29/IMG_1858.JPG,Small,Small,0.15333333333333332,0.8066666666666666,0.04,0.0
2025-09-29/IMG_1859.JPG,Medium,Medium,0.23333333333333334,0.15,0.6166666666666667,0.0
2025-09-29/IMG_1861.JPG,Very Small,Very Small,0.7833333333333333,0.2,0.013333333333333334,0.0033333333333333335
2025-09-29/IMG_1862.JPG,Small,Small,0.12333333333333334,0.8433333333333334,0.023333333333333334,0.01
2025-09-29/IMG_1865.JPG,Small,Small,0.08666666666666667,0.8233333333333334,0.07333333333333333,0.016666666666666666
2025-09-29/IMG_1869.JPG,Small,Small,0.03666666666666667,0.9466666666666667,0.01,0.006666666666666667
2025-09-29/IMG_1870.JPG,Small,Small,0.03,0.9366666666666666,0.03333333333333333,0.0
2025-09-29/IMG_1871.JPG,Small,Small,0.23333333333333334,0.7466666666666667,0.013333333333333334,0.006666666666666667
2025-09-29/IMG_1873.JPG,Small,Small,0.06,0.9233333333333333,0.016666666666666666,0.0
2025-09-29/IMG_1874.JPG,Small,Small,0.08,0.8933333333333333,0.023333333333333334,0.0033333333333333335
2025-09-29/IMG_1875.JPG,Small,Small,0.17666666666666667,0.79,0.02666666666666667,0.006666666666666667
2025-09-29/IMG_1877.JPG,Very Small,Very Small,0.8233333333333334,0.15333333333333332,0.016666666666666666,0.006666666666666667
2025-09-29/IMG_1878.JPG,Small,Small,0.15333333333333332,0.8066666666666666,0.02666666666666667,0.013333333333333334
2025-09-29/IMG_1879.JPG,Very Small,Very Small,0.9266666666666666,0.06,0.013333333333333334,0.0
2025-09-29/IMG_1880.JPG,Very Small,Very Small,0.8804761904761904,0.10952380952380954,0.006666666666666667,0.0033333333333333335
2025-09-29/IMG_1881.JPG,Small,Small,0.02,0.96,0.02,0.0
2025-09-29/IMG_1882.JPG,Small,Small,0.04666666666666667,0.9366666666666666,0.01,0.006666666666666667
2025-09-29/IMG_1883.JPG,Small,Small,0.06,0.9266666666666666,0.013333333333333334,0.0
2025-09-29/IMG_1885.JPG,Very Small,Very Small,0.75,0.14333333333333334,0.08666666666666667,0.02
2025-09-29/IMG_1886.JPG,Very Small,Very Small,0.71,0.23,0.056666666666666664,0.0033333333333333335
2025-09-29/IMG_1889.JPG,Very Small,Very Small,0.7166666666666667,0.20333333333333334,0.07333333333333333,0.006666666666666667
2025-09-29/IMG_1890.JPG,Small,Small,0.17666666666666667,0.8,0.023333333333333334,0.0
2025-09-29/IMG_1891.JPG,Medium,Medium,0.04666666666666667,0.22666666666666666,0.71,0.016666666666666666
2025-09-29/IMG_1893.JPG,Very Small,Very Small,0.69,0.264,0.04266666666666667,0.0033333333333333335
2025-09-29/IMG_1895.JPG,Small,Small,0.0034722222222222225,0.6531944444444445,0.14,0.20333333333333334
2025-09-29/IMG_1897.JPG,Small,Small,0.14333333333333334,0.8166666666666667,0.02,0.02
2025-09-29/IMG_1898.JPG,Medium,Medium,0.03666666666666667,0.13666666666666666,0.7933333333333333,0.03333333333333333
2025-09-29/IMG_1899.JPG,Medium,Medium,0.02666666666666667,0.20666666666666667,0.7466666666666667,0.02
2025-09-29/IMG_1900.JPG,Medium,Medium,0.03333333333333333,0.1303968253968254,0.8028571428571428,0.033412698412698415
2025-09-29/IMG_1901.JPG,Small,Small,0.07666666666666666,0.8033333333333333,0.1,0.02
2025-09-29/IMG_1902.JPG,Small,Small,0.07666666666666666,0.6566666666666666,0.21333333333333335,0.05333333333333334
2025-09-29/IMG_1903.JPG,Medium,Medium,0.04,0.07666666666666666,0.87,0.013333333333333334
2025-09-29/IMG_1904.JPG,Very Small,Very Small,0.7,0.06333333333333334,0.23,0.006666666666666667
2025-09-29/IMG_1905.JPG,Medium,Medium,0.013333333333333334,0.023333333333333334,0.62,0.3433333333333333
2025-09-29/IMG_1906.JPG,Large,Large,0.0,0.0,0.06666666666666667,0.9333333333333333
2025-09-29/IMG_1907.JPG,Very Small,Very Small,0.7366666666666667,0.07,0.10666666666666667,0.08666666666666667
2025-09-29/IMG_1908.JPG,Large,Large,0.10333333333333333,0.06,0.10666666666666667,0.73
2025-09-29/IMG_1909.JPG,Very Small,Very Small,0.7633333333333333,0.07666666666666666,0.08666666666666667,0.07333333333333333
2025-09-29/IMG_1912.JPG,Small,Small,0.21333333333333335,0.74,0.023333333333333334,0.023333333333333334
2025-09-29/IMG_1914.JPG,Very Small,Very Small,0.93,0.05333333333333334,0.013333333333333334,0.0033333333333333335
2025-09-29/IMG_1915.JPG,Very Small,Very Small,0.8866666666666667,0.09666666666666666,0.013333333333333334,0.0033333333333333335
2025-09-29/IMG_1916.JPG,Very Small,Very Small,0.9533333333333334,0.04,0.006666666666666667,0.0
2025-09-29/IMG_1917.JPG,Very Small,Very Small,0.9333333333333333,0.06,0.0033333333333333335,0.0033333333333333335
2025-09-29/IMG_1919.JPG,Very Small,Very Small,0.7133333333333334,0.21666666666666667,0.06,0.01
2025-09-29/IMG_1920.JPG,Very Small,Very Small,0.84,0.15333333333333332,0.0033333333333333335,0.0033333333333333335
2025-09-29/IMG_1921.JPG,Very Small,Very Small,0.8233333333333334,0.14666666666666667,0.03,0.0
2025-09-29/IMG_1922.JPG,Very Small,Very Small,0.8733333333333333,0.11666666666666667,0.01,0.0
2025-09-29/IMG_1923.JPG,Very Small,Very Small,0.8566666666666667,0.11333333333333333,0.02666666666666667,0.0033333333333333335
2025-09-29/IMG_1924.JPG,Very Small,Very Small,0.9333333333333333,0.056666666666666664,0.01,0.0
2025-09-29/IMG_1925.JPG,Small,Small,0.2966666666666667,0.6966666666666667,0.006666666666666667,0.0
2025-09-29/IMG_1927.JPG,Very Small,Very Small,0.9233333333333333,0.06666666666666667,0.006666666666666667,0.0033333333333333335
2025-09-29/IMG_1930.JPG,Very Small,Very Small,0.9666666666666667,0.016666666666666666,0.016666666666666666,0.0
2025-09-29/IMG_1931.JPG,Very Small,Very Small,0.8966666666666666,0.08,0.013333333333333334,0.01
2025-09-29/IMG_1933.JPG,Very Small,Very Small,0.8566666666666667,0.12333333333333334,0.016666666666666666,0.0033333333333333335
2025-09-29/IMG_1934.JPG,Small,Small,0.21333333333333335,0.75,0.023333333333333334,0.013333333333333334
2025-09-29/IMG_1935.JPG,Very Small,Very Small,0.8533333333333334,0.11666666666666667,0.013333333333333334,0.016666666666666666
2025-09-29/IMG_1937.JPG,Very Small,Very Small,0.86,0.12333333333333334,0.013333333333333334,0.0033333333333333335
2025-09-29/IMG_1939.JPG,Very Small,Very Small,0.8733333333333333,0.09333333333333334,0.03333333333333333,0.0
2025-09-29/IMG_1940.JPG,Very Small,Very Small,0.8933333333333333,0.06333333333333334,0.04,0.0033333333333333335
2025-09-29/IMG_1941.JPG,Very Small,Very Small,0.8666666666666667,0.11333333333333333,0.016666666666666666,0.0033333333333333335
2025-09-29/IMG_1942.JPG,Very Small,Very Small,0.9133333333333333,0.08,0.006666666666666667,0.0
2025-09-29/IMG_1944.JPG,Very Small,Very Small,0.8166666666666667,0.10666666666666667,0.06666666666666667,0.01
2025-09-29/IMG_1946.JPG,Very Small,Very Small,0.81,0.15,0.03666666666666667,0.0033333333333333335
2025-09-29/IMG_1947.JPG,Small,Small,0.19333333333333333,0.7566666666666667,0.03666666666666667,0.013333333333333334
2025-09-29/IMG_1948.JPG,Very Small,Very Small,0.92,0.07333333333333333,0.006666666666666667,0.0
2025-09-29/IMG_1950.JPG,Very Small,Very Small,0.7666666666666667,0.20333333333333334,0.023333333333333334,0.006666666666666667
