noise_percentage,repetition,overall_change_percent,very_small_change_percent,small_change_percent,medium_change_percent,large_change_percent
1.0,1,1.957905041605482,1.238390092879257,2.5912838633686692,1.6587677725118484,2.380952380952381
1.0,2,1.3215859030837005,0.9287925696594427,1.76678445229682,1.4218009478672986,0.0
1.0,3,1.4194811551639746,0.46439628482972134,1.884570082449941,1.8957345971563981,1.5873015873015872
1.0,4,1.3215859030837005,1.08359133126935,1.6489988221436984,1.4218009478672986,0.0
1.0,5,1.3705335291238374,1.08359133126935,1.5312131919905771,1.8957345971563981,0.0
1.0,6,1.2726382770435634,1.08359133126935,1.76678445229682,0.7109004739336493,0.7936507936507936
1.0,7,1.762114537444934,1.393188854489164,2.0023557126030624,1.8957345971563981,1.5873015873015872
1.0,8,1.1747430249632893,0.7739938080495357,1.5312131919905771,1.4218009478672986,0.0
1.0,9,1.0279001468428781,0.6191950464396285,1.1778563015312131,1.6587677725118484,0.0
1.0,10,1.5173764072442486,1.238390092879257,1.6489988221436984,1.6587677725118484,1.5873015873015872
1.0,11,1.5173764072442486,1.393188854489164,1.6489988221436984,1.6587677725118484,0.7936507936507936
1.0,12,1.3215859030837005,1.238390092879257,1.6489988221436984,0.9478672985781991,0.7936507936507936
1.0,13,1.4684287812041115,1.08359133126935,1.76678445229682,1.6587677725118484,0.7936507936507936
1.0,14,1.5663240332843857,1.08359133126935,1.5312131919905771,2.3696682464454977,1.5873015873015872
1.0,15,1.3705335291238374,0.46439628482972134,2.0023557126030624,1.6587677725118484,0.7936507936507936
1.0,16,1.5663240332843857,1.08359133126935,1.6489988221436984,2.132701421800948,1.5873015873015872
1.0,17,1.3705335291238374,1.238390092879257,1.5312131919905771,1.6587677725118484,0.0
1.0,18,1.5663240332843857,1.5479876160990713,1.76678445229682,1.6587677725118484,0.0
1.0,19,1.1747430249632893,0.9287925696594427,1.4134275618374559,1.1848341232227488,0.7936507936507936
1.0,20,1.4684287812041115,0.9287925696594427,1.76678445229682,1.8957345971563981,0.7936507936507936
1.0,21,1.5173764072442486,1.393188854489164,1.5312131919905771,1.6587677725118484,1.5873015873015872
1.0,22,1.5173764072442486,1.5479876160990713,1.76678445229682,1.1848341232227488,0.7936507936507936
1.0,23,1.1747430249632893,0.9287925696594427,1.2956419316843346,1.4218009478672986,0.7936507936507936
1.0,24,1.5173764072442486,1.393188854489164,1.6489988221436984,1.6587677725118484,0.7936507936507936
1.0,25,1.6642192853646598,0.9287925696594427,1.884570082449941,2.3696682464454977,1.5873015873015872
1.0,26,1.4194811551639746,1.393188854489164,1.4134275618374559,1.4218009478672986,1.5873015873015872
1.0,27,1.4194811551639746,1.5479876160990713,1.2956419316843346,1.8957345971563981,0.0
1.0,28,1.5173764072442486,0.7739938080495357,2.1201413427561837,1.1848341232227488,2.380952380952381
1.0,29,1.6152716593245229,1.238390092879257,1.4134275618374559,2.843601895734597,0.7936507936507936
1.0,30,1.6642192853646598,1.238390092879257,1.76678445229682,2.132701421800948,1.5873015873015872
1.0,31,1.3215859030837005,0.9287925696594427,1.5312131919905771,1.6587677725118484,0.7936507936507936
1.0,32,1.957905041605482,1.5479876160990713,2.4734982332155475,1.8957345971563981,0.7936507936507936
1.0,33,1.5173764072442486,1.238390092879257,1.6489988221436984,1.8957345971563981,0.7936507936507936
1.0,34,1.2726382770435634,0.9287925696594427,1.6489988221436984,1.4218009478672986,0.0
1.0,35,1.4684287812041115,1.5479876160990713,1.4134275618374559,1.6587677725118484,0.7936507936507936
1.0,36,1.811062163485071,1.08359133126935,2.0023557126030624,2.6066350710900474,1.5873015873015872
1.0,37,1.1747430249632893,1.08359133126935,1.2956419316843346,0.9478672985781991,1.5873015873015872
1.0,38,1.2726382770435634,0.46439628482972134,1.6489988221436984,1.4218009478672986,2.380952380952381
1.0,39,1.5173764072442486,0.7739938080495357,1.76678445229682,1.8957345971563981,2.380952380952381
1.0,40,1.4194811551639746,0.6191950464396285,1.884570082449941,1.8957345971563981,0.7936507936507936
1.0,41,1.2726382770435634,0.6191950464396285,1.1778563015312131,2.3696682464454977,1.5873015873015872
1.0,42,1.2236906510034264,0.7739938080495357,1.0600706713780919,2.132701421800948,1.5873015873015872
1.0,43,1.6152716593245229,1.393188854489164,1.884570082449941,1.6587677725118484,0.7936507936507936
1.0,44,1.4194811551639746,1.393188854489164,1.4134275618374559,1.6587677725118484,0.7936507936507936
1.0,45,1.5173764072442486,0.6191950464396285,2.237926972909305,1.6587677725118484,0.7936507936507936
1.0,46,1.6152716593245229,1.08359133126935,2.0023557126030624,2.132701421800948,0.0
1.0,47,1.811062163485071,1.238390092879257,2.3557126030624262,1.6587677725118484,1.5873015873015872
1.0,48,1.6152716593245229,1.08359133126935,2.0023557126030624,1.8957345971563981,0.7936507936507936
1.0,49,1.4194811551639746,0.7739938080495357,1.76678445229682,2.132701421800948,0.0
1.0,50,1.076847772883015,0.6191950464396285,1.2956419316843346,1.6587677725118484,0.0
1.0,51,1.076847772883015,0.6191950464396285,1.4134275618374559,1.4218009478672986,0.0
1.0,52,1.3705335291238374,1.5479876160990713,1.4134275618374559,1.1848341232227488,0.7936507936507936
1.0,53,1.5663240332843857,1.238390092879257,1.884570082449941,1.6587677725118484,0.7936507936507936
1.0,54,1.4194811551639746,1.238390092879257,1.884570082449941,1.1848341232227488,0.0
1.0,55,1.6642192853646598,0.9287925696594427,1.6489988221436984,2.843601895734597,1.5873015873015872
1.0,56,1.2236906510034264,1.393188854489164,1.2956419316843346,1.1848341232227488,0.0
1.0,57,1.4684287812041115,0.46439628482972134,2.1201413427561837,1.8957345971563981,0.7936507936507936
1.0,58,1.1747430249632893,1.08359133126935,1.2956419316843346,1.4218009478672986,0.0
1.0,59,1.2236906510034264,1.08359133126935,1.5312131919905771,0.9478672985781991,0.7936507936507936
1.0,60,1.4194811551639746,1.238390092879257,1.5312131919905771,1.8957345971563981,0.0
1.0,61,1.4684287812041115,1.5479876160990713,1.5312131919905771,1.4218009478672986,0.7936507936507936
1.0,62,1.4684287812041115,0.9287925696594427,2.237926972909305,1.1848341232227488,0.0
1.0,63,1.076847772883015,1.08359133126935,1.5312131919905771,0.47393364928909953,0.0
1.0,64,1.4684287812041115,1.238390092879257,2.0023557126030624,1.1848341232227488,0.0
1.0,65,1.1747430249632893,1.238390092879257,1.1778563015312131,0.9478672985781991,1.5873015873015872
1.0,66,1.4684287812041115,1.08359133126935,1.884570082449941,1.6587677725118484,0.0
1.0,67,1.3705335291238374,1.08359133126935,1.4134275618374559,1.8957345971563981,0.7936507936507936
1.0,68,1.6642192853646598,0.9287925696594427,1.884570082449941,2.6066350710900474,0.7936507936507936
1.0,69,1.811062163485071,2.0123839009287927,1.884570082449941,1.6587677725118484,0.7936507936507936
1.0,70,1.4194811551639746,1.238390092879257,1.1778563015312131,2.3696682464454977,0.7936507936507936
1.0,71,1.0279001468428781,0.6191950464396285,1.4134275618374559,0.9478672985781991,0.7936507936507936
1.0,72,1.3215859030837005,1.8575851393188854,1.2956419316843346,0.9478672985781991,0.0
1.0,73,1.5173764072442486,1.393188854489164,1.884570082449941,0.9478672985781991,1.5873015873015872
1.0,74,1.3705335291238374,0.9287925696594427,2.1201413427561837,0.7109004739336493,0.7936507936507936
1.0,75,1.0279001468428781,1.393188854489164,0.8244994110718492,1.1848341232227488,0.0
1.0,76,1.3215859030837005,0.6191950464396285,1.76678445229682,1.6587677725118484,0.7936507936507936
1.0,77,1.2726382770435634,1.5479876160990713,1.5312131919905771,0.7109004739336493,0.0
1.0,78,1.3215859030837005,1.08359133126935,1.5312131919905771,1.1848341232227488,1.5873015873015872
1.0,79,1.3215859030837005,0.6191950464396285,2.0023557126030624,1.1848341232227488,0.7936507936507936
1.0,80,1.4194811551639746,1.7027863777089782,1.2956419316843346,1.4218009478672986,0.7936507936507936
1.0,81,1.4684287812041115,0.9287925696594427,1.6489988221436984,1.8957345971563981,1.5873015873015872
1.0,82,1.5173764072442486,1.238390092879257,1.76678445229682,1.8957345971563981,0.0
1.0,83,1.1257953989231522,0.6191950464396285,1.4134275618374559,1.1848341232227488,1.5873015873015872
1.0,84,1.3705335291238374,1.238390092879257,1.5312131919905771,1.6587677725118484,0.0
1.0,85,1.7131669114047967,0.9287925696594427,1.6489988221436984,2.843601895734597,2.380952380952381
1.0,86,1.1747430249632893,1.08359133126935,1.2956419316843346,1.1848341232227488,0.7936507936507936
1.0,87,1.762114537444934,1.393188854489164,2.237926972909305,1.8957345971563981,0.0
1.0,88,1.3705335291238374,0.7739938080495357,1.884570082449941,1.4218009478672986,0.7936507936507936
1.0,89,1.5173764072442486,1.7027863777089782,1.5312131919905771,1.6587677725118484,0.0
1.0,90,1.5173764072442486,1.5479876160990713,1.5312131919905771,1.6587677725118484,0.7936507936507936
1.0,91,1.4194811551639746,0.46439628482972134,2.1201413427561837,1.4218009478672986,1.5873015873015872
1.0,92,1.762114537444934,0.6191950464396285,2.5912838633686692,2.3696682464454977,0.0
1.0,93,1.2726382770435634,0.9287925696594427,1.5312131919905771,1.1848341232227488,1.5873015873015872
1.0,94,1.6642192853646598,1.5479876160990713,1.5312131919905771,2.6066350710900474,0.0
1.0,95,1.4684287812041115,0.7739938080495357,1.884570082449941,1.8957345971563981,0.7936507936507936
1.0,96,1.3215859030837005,0.9287925696594427,1.76678445229682,1.1848341232227488,0.7936507936507936
1.0,97,1.4194811551639746,1.08359133126935,1.2956419316843346,2.3696682464454977,0.7936507936507936
1.0,98,1.5173764072442486,0.9287925696594427,2.0023557126030624,1.4218009478672986,1.5873015873015872
1.0,99,1.908957415565345,1.5479876160990713,2.237926972909305,1.8957345971563981,1.5873015873015872
1.0,100,1.2726382770435634,0.6191950464396285,1.4134275618374559,1.8957345971563981,1.5873015873015872
2.0,1,3.3284385707293196,2.321981424148607,3.53356890459364,4.502369668246446,3.1746031746031744
2.0,2,2.741067058247675,2.476780185758514,2.944640753828033,3.080568720379147,1.5873015873015872
2.0,3,3.524229074889868,2.321981424148607,4.7114252061248525,3.7914691943127963,0.7936507936507936
2.0,4,2.98580518844836,2.631578947368421,2.944640753828033,3.7914691943127963,2.380952380952381
2.0,5,3.4752814488497306,1.8575851393188854,4.829210836277975,3.5545023696682465,2.380952380952381
2.0,6,2.838962310327949,2.321981424148607,3.180212014134275,3.080568720379147,2.380952380952381
2.0,7,3.1815956926089086,1.7027863777089782,4.47585394581861,3.080568720379147,2.380952380952381
2.0,8,3.3773861967694567,2.0123839009287927,4.358068315665489,3.7914691943127963,2.380952380952381
2.0,9,2.741067058247675,1.393188854489164,4.004711425206125,2.843601895734597,0.7936507936507936
2.0,10,3.2305433186490458,2.631578947368421,4.004711425206125,3.080568720379147,1.5873015873015872
2.0,11,2.936857562408223,2.321981424148607,3.651354534746761,2.843601895734597,1.5873015873015872
2.0,12,3.034752814488497,2.941176470588235,3.297997644287397,3.080568720379147,1.5873015873015872
2.0,13,3.1815956926089086,2.631578947368421,3.0624263839811543,4.502369668246446,2.380952380952381
2.0,14,3.8668624571708268,3.4055727554179565,3.651354534746761,5.450236966824645,2.380952380952381
2.0,15,2.8879099363680862,1.238390092879257,3.8869257950530036,3.5545023696682465,2.380952380952381
2.0,16,2.98580518844836,2.0123839009287927,3.415783274440518,3.7914691943127963,2.380952380952381
2.0,17,3.4263338228095934,2.631578947368421,3.415783274440518,4.739336492890995,3.1746031746031744
2.0,18,3.0837004405286343,2.1671826625387,3.180212014134275,4.739336492890995,1.5873015873015872
2.0,19,3.4263338228095934,2.941176470588235,3.769140164899882,4.265402843601896,0.7936507936507936
2.0,20,3.622124326970142,2.941176470588235,3.0624263839811543,6.161137440758294,2.380952380952381
2.0,21,3.2305433186490458,1.7027863777089782,4.004711425206125,4.265402843601896,2.380952380952381
2.0,22,3.1326480665687715,2.941176470588235,2.8268551236749118,3.7914691943127963,3.968253968253968
2.0,23,3.3284385707293196,2.1671826625387,3.415783274440518,5.450236966824645,1.5873015873015872
2.0,24,3.0837004405286343,3.0959752321981426,3.0624263839811543,3.5545023696682465,1.5873015873015872
2.0,25,3.622124326970142,2.0123839009287927,4.122497055359246,4.976303317535545,3.968253968253968
2.0,26,3.034752814488497,2.786377708978328,3.53356890459364,3.080568720379147,0.7936507936507936
2.0,27,2.936857562408223,1.8575851393188854,3.0624263839811543,4.502369668246446,2.380952380952381
2.0,28,3.1815956926089086,1.5479876160990713,4.122497055359246,4.265402843601896,1.5873015873015872
2.0,29,3.1326480665687715,2.0123839009287927,3.53356890459364,4.502369668246446,1.5873015873015872
2.0,30,2.692119432207538,1.5479876160990713,3.180212014134275,4.028436018957346,0.7936507936507936
2.0,31,3.524229074889868,2.321981424148607,4.122497055359246,4.502369668246446,2.380952380952381
2.0,32,2.936857562408223,1.5479876160990713,3.8869257950530036,4.028436018957346,0.0
2.0,33,2.838962310327949,3.4055727554179565,2.3557126030624262,3.080568720379147,2.380952380952381
2.0,34,3.1815956926089086,2.321981424148607,4.004711425206125,3.7914691943127963,0.0
2.0,35,3.034752814488497,2.321981424148607,3.180212014134275,4.028436018957346,2.380952380952381
2.0,36,3.1815956926089086,2.1671826625387,3.415783274440518,4.502369668246446,2.380952380952381
2.0,37,2.936857562408223,2.786377708978328,3.0624263839811543,3.3175355450236967,1.5873015873015872
2.0,38,3.3284385707293196,3.0959752321981426,2.944640753828033,4.976303317535545,1.5873015873015872
2.0,39,2.838962310327949,2.0123839009287927,2.944640753828033,4.265402843601896,1.5873015873015872
2.0,40,3.524229074889868,2.476780185758514,4.004711425206125,4.265402843601896,3.1746031746031744
2.0,41,3.622124326970142,2.631578947368421,4.829210836277975,3.3175355450236967,1.5873015873015872
2.0,42,2.936857562408223,1.7027863777089782,3.53356890459364,4.028436018957346,1.5873015873015872
2.0,43,2.741067058247675,2.941176470588235,2.7090694935217905,2.843601895734597,1.5873015873015872
2.0,44,2.8879099363680862,2.321981424148607,3.415783274440518,3.080568720379147,1.5873015873015872
2.0,45,3.1815956926089086,2.1671826625387,4.122497055359246,3.5545023696682465,0.7936507936507936
2.0,46,3.81791483113069,3.0959752321981426,4.358068315665489,4.502369668246446,1.5873015873015872
2.0,47,3.1326480665687715,2.0123839009287927,4.240282685512367,2.843601895734597,2.380952380952381
2.0,48,2.8879099363680862,1.7027863777089782,3.53356890459364,3.7914691943127963,1.5873015873015872
2.0,49,3.1326480665687715,3.2507739938080498,3.415783274440518,3.080568720379147,0.7936507936507936
2.0,50,3.1815956926089086,2.786377708978328,3.53356890459364,2.843601895734597,3.968253968253968
2.0,51,2.7900146842878124,2.1671826625387,2.944640753828033,3.5545023696682465,2.380952380952381
2.0,52,2.643171806167401,1.7027863777089782,3.769140164899882,2.132701421800948,1.5873015873015872
2.0,53,3.4752814488497306,2.476780185758514,4.593639575971731,3.3175355450236967,1.5873015873015872
2.0,54,3.622124326970142,2.631578947368421,4.240282685512367,4.028436018957346,3.1746031746031744
2.0,55,3.4752814488497306,2.631578947368421,3.769140164899882,4.265402843601896,3.1746031746031744
2.0,56,2.838962310327949,1.8575851393188854,3.651354534746761,3.080568720379147,1.5873015873015872
2.0,57,3.671071953010279,3.0959752321981426,4.593639575971731,3.7914691943127963,0.0
2.0,58,3.2794909446891825,2.1671826625387,4.122497055359246,3.5545023696682465,2.380952380952381
2.0,59,3.2305433186490458,2.476780185758514,3.769140164899882,3.7914691943127963,1.5873015873015872
2.0,60,3.4263338228095934,1.5479876160990713,4.358068315665489,5.213270142180095,0.7936507936507936
2.0,61,3.0837004405286343,2.631578947368421,4.122497055359246,2.132701421800948,1.5873015873015872
2.0,62,3.4752814488497306,2.321981424148607,3.8869257950530036,4.739336492890995,2.380952380952381
2.0,63,3.1815956926089086,3.560371517027864,3.297997644287397,2.843601895734597,1.5873015873015872
2.0,64,3.8668624571708268,2.631578947368421,4.829210836277975,4.265402843601896,2.380952380952381
2.0,65,2.98580518844836,2.476780185758514,3.8869257950530036,2.132701421800948,2.380952380952381
2.0,66,2.447381302006853,2.1671826625387,2.4734982332155475,3.3175355450236967,0.7936507936507936
2.0,67,2.98580518844836,2.0123839009287927,3.53356890459364,4.028436018957346,0.7936507936507936
2.0,68,3.3773861967694567,2.476780185758514,4.240282685512367,3.5545023696682465,1.5873015873015872
2.0,69,3.524229074889868,3.560371517027864,3.8869257950530036,3.3175355450236967,1.5873015873015872
2.0,70,2.594224180127264,1.5479876160990713,2.8268551236749118,3.5545023696682465,3.1746031746031744
2.0,71,3.034752814488497,3.0959752321981426,3.0624263839811543,3.5545023696682465,0.7936507936507936
2.0,72,3.1326480665687715,2.786377708978328,3.180212014134275,3.7914691943127963,2.380952380952381
2.0,73,2.8879099363680862,2.0123839009287927,3.651354534746761,2.843601895734597,2.380952380952381
2.0,74,3.5731767009300053,3.2507739938080498,3.769140164899882,4.502369668246446,0.7936507936507936
2.0,75,3.4752814488497306,3.4055727554179565,3.297997644287397,4.502369668246446,1.5873015873015872
2.0,76,2.936857562408223,3.0959752321981426,2.4734982332155475,4.028436018957346,1.5873015873015872
2.0,77,2.741067058247675,1.7027863777089782,3.180212014134275,3.7914691943127963,1.5873015873015872
2.0,78,3.1815956926089086,3.0959752321981426,3.415783274440518,3.5545023696682465,0.7936507936507936
2.0,79,2.447381302006853,1.8575851393188854,2.7090694935217905,3.080568720379147,1.5873015873015872
2.0,80,3.1815956926089086,2.476780185758514,3.53356890459364,4.028436018957346,1.5873015873015872
2.0,81,2.5452765540871267,1.393188854489164,3.651354534746761,2.3696682464454977,1.5873015873015872
2.0,82,3.0837004405286343,2.1671826625387,3.769140164899882,3.7914691943127963,0.7936507936507936
2.0,83,3.3284385707293196,2.1671826625387,4.004711425206125,4.265402843601896,1.5873015873015872
2.0,84,3.3773861967694567,2.0123839009287927,4.358068315665489,3.7914691943127963,2.380952380952381
2.0,85,3.034752814488497,1.8575851393188854,3.297997644287397,4.739336492890995,1.5873015873015872
2.0,86,3.524229074889868,2.941176470588235,3.651354534746761,4.265402843601896,3.1746031746031744
2.0,87,3.2305433186490458,2.786377708978328,3.297997644287397,4.265402843601896,1.5873015873015872
2.0,88,2.7900146842878124,2.1671826625387,3.297997644287397,2.843601895734597,2.380952380952381
2.0,89,3.1815956926089086,2.321981424148607,3.651354534746761,3.7914691943127963,2.380952380952381
2.0,90,3.0837004405286343,1.7027863777089782,4.004711425206125,3.7914691943127963,1.5873015873015872
2.0,91,3.768967205090553,3.560371517027864,3.53356890459364,4.502369668246446,3.968253968253968
2.0,92,3.0837004405286343,1.8575851393188854,3.415783274440518,4.502369668246446,2.380952380952381
2.0,93,3.524229074889868,2.786377708978328,4.004711425206125,4.028436018957346,2.380952380952381
2.0,94,2.692119432207538,2.0123839009287927,3.180212014134275,3.3175355450236967,0.7936507936507936
2.0,95,3.4752814488497306,2.476780185758514,4.240282685512367,3.7914691943127963,2.380952380952381
2.0,96,3.2794909446891825,3.0959752321981426,3.297997644287397,4.028436018957346,1.5873015873015872
2.0,97,2.936857562408223,2.321981424148607,3.415783274440518,3.3175355450236967,1.5873015873015872
2.0,98,3.1815956926089086,2.321981424148607,3.8869257950530036,3.080568720379147,3.1746031746031744
2.0,99,3.81791483113069,2.786377708978328,4.47585394581861,4.502369668246446,2.380952380952381
2.0,100,3.0837004405286343,2.941176470588235,3.180212014134275,3.7914691943127963,0.7936507936507936
3.0,1,4.845814977973569,3.7151702786377707,5.418138987043581,5.924170616113744,3.1746031746031744
3.0,2,5.922662750856583,4.643962848297214,7.420494699646643,5.450236966824645,3.968253968253968
3.0,3,4.894762604013706,2.941176470588235,5.1825677267373385,7.5829383886255926,3.968253968253968
3.0,4,5.188448360254528,3.8699690402476783,6.124852767962309,6.161137440758294,2.380952380952381
3.0,5,4.552129221732746,3.2507739938080498,5.1825677267373385,5.450236966824645,3.968253968253968
3.0,6,5.188448360254528,3.4055727554179565,5.1825677267373385,8.293838862559241,3.968253968253968
3.0,7,5.82476749877631,4.489164086687306,6.478209658421672,7.5829383886255926,2.380952380952381
3.0,8,4.30739109153206,3.0959752321981426,4.829210836277975,5.687203791469194,2.380952380952381
3.0,9,5.531081742535487,4.489164086687306,5.535924617196701,7.819905213270142,3.1746031746031744
3.0,10,4.894762604013706,4.179566563467492,5.771495877502945,5.687203791469194,0.0
3.0,11,5.090553108174253,4.489164086687306,5.771495877502945,5.450236966824645,2.380952380952381
3.0,12,4.552129221732746,4.643962848297214,4.593639575971731,4.739336492890995,3.1746031746031744
3.0,13,4.845814977973569,4.3343653250774,5.1825677267373385,5.924170616113744,1.5873015873015872
3.0,14,4.894762604013706,3.560371517027864,5.535924617196701,6.6350710900473935,1.5873015873015872
3.0,15,4.698972099853157,3.560371517027864,5.418138987043581,5.450236966824645,3.1746031746031744
3.0,16,5.139500734214391,4.3343653250774,6.007067137809187,5.450236966824645,2.380952380952381
3.0,17,5.090553108174253,3.4055727554179565,5.535924617196701,7.345971563981042,3.1746031746031744
3.0,18,5.726872246696035,5.263157894736842,6.007067137809187,6.6350710900473935,3.1746031746031744
3.0,19,4.845814977973569,3.560371517027864,5.064782096584216,7.109004739336493,2.380952380952381
3.0,20,5.139500734214391,4.489164086687306,5.889281507656066,4.976303317535545,3.968253968253968
3.0,21,5.628976994615761,4.3343653250774,6.24263839811543,6.872037914691943,3.968253968253968
3.0,22,5.531081742535487,4.489164086687306,5.889281507656066,6.6350710900473935,4.761904761904762
3.0,23,6.167400881057269,5.108359133126935,6.713780918727916,8.056872037914692,1.5873015873015872
3.0,24,5.48213411649535,5.41795665634675,5.6537102473498235,5.687203791469194,3.968253968253968
3.0,25,5.041605482134116,4.179566563467492,5.1825677267373385,6.872037914691943,2.380952380952381
3.0,26,5.286343612334802,4.489164086687306,6.478209658421672,4.739336492890995,3.1746031746031744
3.0,27,5.922662750856583,4.024767801857585,6.124852767962309,8.293838862559241,6.349206349206349
3.0,28,5.384238864415076,5.41795665634675,6.24263839811543,4.028436018957346,3.968253968253968
3.0,29,5.090553108174253,3.560371517027864,5.771495877502945,7.109004739336493,1.5873015873015872
3.0,30,5.628976994615761,3.8699690402476783,6.007067137809187,8.530805687203792,2.380952380952381
3.0,31,5.628976994615761,3.2507739938080498,6.9493521790341575,6.872037914691943,4.761904761904762
3.0,32,4.992657856093979,3.8699690402476783,5.535924617196701,5.450236966824645,5.555555555555555
3.0,33,5.188448360254528,4.179566563467492,5.30035335689046,7.5829383886255926,1.5873015873015872
3.0,34,5.335291238374939,4.179566563467492,5.6537102473498235,6.398104265402843,5.555555555555555
3.0,35,4.7479197258932935,2.941176470588235,5.30035335689046,6.872037914691943,3.1746031746031744
3.0,36,5.237395986294665,4.179566563467492,5.418138987043581,6.872037914691943,3.968253968253968
3.0,37,4.601076847772883,3.560371517027864,5.30035335689046,5.687203791469194,1.5873015873015872
3.0,38,5.237395986294665,4.3343653250774,5.535924617196701,6.398104265402843,3.968253968253968
3.0,39,5.335291238374939,2.941176470588235,6.24263839811543,6.872037914691943,6.349206349206349
3.0,40,4.65002447381302,3.560371517027864,5.535924617196701,5.687203791469194,0.7936507936507936
3.0,41,5.384238864415076,3.8699690402476783,6.713780918727916,5.450236966824645,3.968253968253968
3.0,42,4.894762604013706,4.179566563467492,5.535924617196701,5.450236966824645,2.380952380952381
3.0,43,5.82476749877631,3.7151702786377707,7.656065959952886,5.687203791469194,4.761904761904762
3.0,44,5.922662750856583,4.643962848297214,7.06713780918728,6.161137440758294,3.968253968253968
3.0,45,4.894762604013706,3.7151702786377707,4.946996466431095,6.398104265402843,5.555555555555555
3.0,46,4.552129221732746,4.024767801857585,5.535924617196701,4.265402843601896,1.5873015873015872
3.0,47,5.4331864904552125,4.024767801857585,6.007067137809187,6.872037914691943,3.968253968253968
3.0,48,5.041605482134116,3.0959752321981426,5.889281507656066,6.161137440758294,5.555555555555555
3.0,49,5.090553108174253,4.3343653250774,5.1825677267373385,6.6350710900473935,3.1746031746031744
3.0,50,6.167400881057269,2.786377708978328,8.598351001177857,7.5829383886255926,2.380952380952381
3.0,51,5.580029368575625,3.560371517027864,6.713780918727916,6.872037914691943,3.968253968253968
3.0,52,4.698972099853157,4.024767801857585,4.946996466431095,5.450236966824645,3.968253968253968
3.0,53,5.7758198727361725,4.179566563467492,6.007067137809187,9.004739336492891,1.5873015873015872
3.0,54,4.552129221732746,3.4055727554179565,4.829210836277975,5.924170616113744,3.968253968253968
3.0,55,4.894762604013706,3.7151702786377707,5.1825677267373385,6.872037914691943,2.380952380952381
3.0,56,5.628976994615761,4.643962848297214,6.24263839811543,6.6350710900473935,3.1746031746031744
3.0,57,5.82476749877631,3.8699690402476783,7.06713780918728,7.109004739336493,3.1746031746031744
3.0,58,4.7479197258932935,4.489164086687306,4.593639575971731,5.687203791469194,3.968253968253968
3.0,59,6.069505628976994,4.024767801857585,7.06713780918728,8.056872037914692,3.1746031746031744
3.0,60,5.139500734214391,3.8699690402476783,5.771495877502945,6.872037914691943,1.5873015873015872
3.0,61,5.726872246696035,4.489164086687306,6.831566548881036,6.161137440758294,3.1746031746031744
3.0,62,5.237395986294665,4.643962848297214,5.889281507656066,5.687203791469194,2.380952380952381
3.0,63,4.698972099853157,3.8699690402476783,4.47585394581861,6.6350710900473935,3.968253968253968
3.0,64,5.4331864904552125,3.7151702786377707,5.889281507656066,7.345971563981042,4.761904761904762
3.0,65,5.090553108174253,3.560371517027864,5.6537102473498235,7.345971563981042,1.5873015873015872
3.0,66,4.992657856093979,4.024767801857585,5.6537102473498235,5.687203791469194,3.1746031746031744
3.0,67,4.894762604013706,3.7151702786377707,5.064782096584216,7.5829383886255926,0.7936507936507936
3.0,68,5.335291238374939,3.560371517027864,7.1849234393404,5.687203791469194,0.7936507936507936
3.0,69,5.628976994615761,4.179566563467492,6.124852767962309,7.345971563981042,3.968253968253968
3.0,70,5.188448360254528,3.7151702786377707,6.24263839811543,5.687203791469194,3.968253968253968
3.0,71,5.237395986294665,3.7151702786377707,6.007067137809187,6.6350710900473935,3.1746031746031744
3.0,72,5.384238864415076,4.179566563467492,6.007067137809187,6.6350710900473935,3.1746031746031744
3.0,73,5.384238864415076,4.179566563467492,6.36042402826855,5.924170616113744,3.1746031746031744
3.0,74,5.188448360254528,4.024767801857585,5.889281507656066,5.924170616113744,3.968253968253968
3.0,75,4.943710230053842,3.560371517027864,5.535924617196701,6.6350710900473935,2.380952380952381
3.0,76,5.7758198727361725,3.0959752321981426,7.420494699646643,7.5829383886255926,2.380952380952381
3.0,77,5.628976994615761,4.3343653250774,6.478209658421672,6.398104265402843,3.968253968253968
3.0,78,5.677924620655898,4.3343653250774,6.124852767962309,7.345971563981042,3.968253968253968
3.0,79,4.992657856093979,4.953560371517028,5.1825677267373385,5.450236966824645,2.380952380952381
3.0,80,5.188448360254528,3.8699690402476783,6.36042402826855,5.687203791469194,2.380952380952381
3.0,81,4.894762604013706,2.321981424148607,6.24263839811543,6.872037914691943,2.380952380952381
3.0,82,5.335291238374939,3.7151702786377707,5.889281507656066,7.5829383886255926,2.380952380952381
3.0,83,4.7968673519334315,3.560371517027864,5.889281507656066,5.213270142180095,2.380952380952381
3.0,84,5.4331864904552125,3.0959752321981426,6.9493521790341575,6.398104265402843,3.968253968253968
3.0,85,5.4331864904552125,3.8699690402476783,6.24263839811543,7.109004739336493,2.380952380952381
3.0,86,5.7758198727361725,3.8699690402476783,7.06713780918728,7.5829383886255926,0.7936507936507936
3.0,87,5.677924620655898,4.489164086687306,6.9493521790341575,5.924170616113744,2.380952380952381
3.0,88,5.090553108174253,2.941176470588235,6.36042402826855,6.161137440758294,3.968253968253968
3.0,89,4.992657856093979,3.2507739938080498,6.007067137809187,6.161137440758294,3.1746031746031744
3.0,90,5.139500734214391,3.2507739938080498,5.6537102473498235,6.872037914691943,5.555555555555555
3.0,91,5.580029368575625,4.024767801857585,6.478209658421672,7.109004739336493,2.380952380952381
3.0,92,4.405286343612335,4.024767801857585,4.358068315665489,5.450236966824645,3.1746031746031744
3.0,93,5.286343612334802,4.3343653250774,5.535924617196701,6.872037914691943,3.1746031746031744
3.0,94,5.335291238374939,4.798761609907121,5.6537102473498235,6.398104265402843,2.380952380952381
3.0,95,6.167400881057269,4.489164086687306,6.9493521790341575,8.293838862559241,2.380952380952381
3.0,96,4.503181595692609,4.179566563467492,4.593639575971731,5.213270142180095,3.1746031746031744
3.0,97,5.677924620655898,3.2507739938080498,6.478209658421672,7.819905213270142,5.555555555555555
3.0,98,5.090553108174253,5.41795665634675,5.418138987043581,4.976303317535545,1.5873015873015872
3.0,99,4.552129221732746,3.8699690402476783,4.7114252061248525,5.213270142180095,4.761904761904762
3.0,100,5.628976994615761,4.024767801857585,6.9493521790341575,5.924170616113744,3.968253968253968
