noise_percentage,group,images_per_repetition,total_trials,changed_trials,mean_change_percent,standard_deviation_percent,percentile_2_5,percentile_97_5
1.0,Overall,2043,204300,2929,1.4336759667156145,0.20310658507486504,1.0511502692119432,1.862457170827214
1.0,Very Small,646,64600,704,1.089783281733746,0.342216361465143,0.46439628482972134,1.7027863777089782
1.0,Small,849,84900,1428,1.6819787985865724,0.33276085601815986,1.1778563015312131,2.417550058892814
1.0,Medium,422,42200,692,1.6398104265402842,0.49118859625243066,0.7109004739336493,2.731042654028434
1.0,Large,126,12600,105,0.8333333333333331,0.6896320807570786,0.0,2.380952380952381
2.0,Overall,2043,204300,6470,3.166911404796867,0.3198380728471845,2.568526676456192,3.81791483113069
2.0,Very Small,646,64600,1552,2.402476780185759,0.5533351778686547,1.46671826625387,3.4868421052631566
2.0,Small,849,84900,3078,3.6254416961130738,0.5498141235693987,2.585394581861013,4.773262661955241
2.0,Medium,422,42200,1603,3.7985781990521326,0.7390312453307988,2.245260663507109,5.337677725118482
2.0,Large,126,12600,237,1.880952380952381,0.8490748505758976,0.37698412698412703,3.968253968253968
3.0,Overall,2043,204300,10702,5.238374938815468,0.42920254134343416,4.526431718061674,6.120900636319138
3.0,Very Small,646,64600,2560,3.962848297213622,0.5940577235914841,2.941176470588235,5.344427244582042
3.0,Small,849,84900,5022,5.915194346289752,0.7665587222193021,4.593639575971731,7.420494699646643
3.0,Medium,422,42200,2720,6.445497630331754,0.9790690094938941,4.739336492890995,8.293838862559241
3.0,Large,126,12600,400,3.174603174603174,1.2662286273293104,0.7936507936507936,5.555555555555555
