epoch,train_loss,train_accuracy,validation_loss,validation_accuracy,backbone_learning_rate,classifier_learning_rate,model_saved
1,1.0007575531395114,0.5640816326530612,0.6149886275270458,0.7750611246943765,0.0001,0.0005,True
2,0.5741083680610267,0.7738775510204081,0.43716347436158753,0.8215158924205379,0.0001,0.0005,True
3,0.43974437321935383,0.8277551020408164,0.37391349170493615,0.8264058679706602,0.0001,0.0005,True
4,0.38321179498215113,0.8448979591836735,0.397997884995197,0.823960880195599,0.0001,0.0005,False
5,0.3136792657326679,0.8759183673469387,0.38641379711680424,0.8410757946210269,0.0001,0.0005,False
6,0.26534588765124884,0.9069387755102041,0.3794263534994755,0.8508557457212714,0.0001,0.0005,False
7,0.27228926862989156,0.8971428571428571,0.38694205282661326,0.8410757946210269,0.0001,0.0005,False
8,0.23137046135201747,0.9110204081632653,0.38883712887763977,0.8459657701711492,0.0001,0.0005,False
9,0.17312619287140515,0.9330612244897959,0.3827239513251484,0.8581907090464548,5e-05,0.00025,False
10,0.1747127106724953,0.9363265306122449,0.35568198466942186,0.8557457212713936,5e-05,0.00025,True
11,0.15105917709214348,0.9444897959183673,0.3386335777332847,0.8459657701711492,5e-05,0.00025,True
12,0.125039012067172,0.9616326530612245,0.32634764942534106,0.863080684596577,5e-05,0.00025,True
13,0.12126360328525913,0.9518367346938775,0.33221416754652644,0.8679706601466992,5e-05,0.00025,False
14,0.09770676019240399,0.966530612244898,0.3320743672567941,0.8655256723716381,5e-05,0.00025,False
15,0.1148193233353751,0.9624489795918367,0.33611297177510624,0.8581907090464548,5e-05,0.00025,False
16,0.08874749765104177,0.9722448979591837,0.3604165094478789,0.8508557457212714,5e-05,0.00025,False
17,0.08687721705558349,0.9722448979591837,0.3628782614300478,0.863080684596577,5e-05,0.00025,False
18,0.10546101107889293,0.9624489795918367,0.32281989128781996,0.8679706601466992,5e-05,0.00025,True
19,0.07299070096137572,0.9722448979591837,0.3801931536285102,0.8581907090464548,5e-05,0.00025,False
20,0.06478467560544306,0.9795918367346939,0.35875077388980275,0.8655256723716381,5e-05,0.00025,False
21,0.0930733987384913,0.966530612244898,0.348619501609674,0.863080684596577,5e-05,0.00025,False
22,0.08228407860106352,0.9730612244897959,0.3433737313251915,0.8655256723716381,5e-05,0.00025,False
23,0.06942338460562181,0.9771428571428571,0.37416684452653803,0.8679706601466992,5e-05,0.00025,False
24,0.06382801177550336,0.9738775510204082,0.35540306761241486,0.863080684596577,2.5e-05,0.000125,False
25,0.04680776102202279,0.9885714285714285,0.37122276294202267,0.8557457212713936,2.5e-05,0.000125,False
26,0.0463390539358465,0.9885714285714285,0.3465848256877116,0.8728606356968215,2.5e-05,0.000125,False
27,0.052250287374671626,0.9836734693877551,0.3214648582023047,0.8801955990220048,2.5e-05,0.000125,True
28,0.05120754761355264,0.9844897959183674,0.32926397003725283,0.8777506112469438,2.5e-05,0.000125,False
29,0.054149815385438956,0.9820408163265306,0.3486997712139395,0.8655256723716381,2.5e-05,0.000125,False
30,0.04456807232632929,0.9877551020408163,0.3593636440035766,0.8655256723716381,2.5e-05,0.000125,False
31,0.05189328869994806,0.986938775510204,0.36326414077089586,0.8753056234718827,2.5e-05,0.000125,False
32,0.04810431152582169,0.9861224489795918,0.358791675281991,0.8679706601466992,2.5e-05,0.000125,False
33,0.04818344907188902,0.9836734693877551,0.38036624034342964,0.8606356968215159,1.25e-05,6.25e-05,False
34,0.06416592842462111,0.9779591836734693,0.3561475752764051,0.8704156479217604,1.25e-05,6.25e-05,False
35,0.04734866965790184,0.9853061224489796,0.3742042935127734,0.8679706601466992,1.25e-05,6.25e-05,False
36,0.046836247237361205,0.9893877551020408,0.3340088192437272,0.8728606356968215,1.25e-05,6.25e-05,False
37,0.04475414670357595,0.9877551020408163,0.3370384721490748,0.8777506112469438,1.25e-05,6.25e-05,False
