repetition,seed,accuracy,balanced_accuracy,macro_f1,matthews_correlation
1,313,0.4180929095354523,0.2523755656108597,0.1544192083062946,0.02963252300687686
2,314,0.38875305623471884,0.23472850678733032,0.14688998082454457,-0.09104586624387263
3,315,0.3863080684596577,0.23597285067873303,0.16292061842276212,-0.054499148875603615
4,316,0.4083129584352078,0.24604072398190044,0.14875453014139145,-0.03741982943508735
5,317,0.4132029339853301,0.2526018099547511,0.17375643224699827,0.014995571119063396
6,318,0.43031784841075793,0.26199095022624436,0.1733483083326988,0.10266044632706431
7,319,0.44987775061124696,0.28009049773755657,0.21407673041894354,0.13614952358955804
8,320,0.4034229828850856,0.24309954751131221,0.14723089418513158,-0.06383895815219393
9,321,0.42053789731051344,0.25429864253393664,0.15849887075248947,0.045099465057966345
10,322,0.4156479217603912,0.25,0.14680483592400692,0.0
11,323,0.4180929095354523,0.2519230769230769,0.15087561742254155,0.04659401451068055
12,324,0.39853300733496333,0.2428733031674208,0.16326781326781328,-0.04149699742204983
13,325,0.4156479217603912,0.25,0.14680483592400692,0.0
14,326,0.41075794621026895,0.2493212669683258,0.161883500815105,-0.00470519478428114
15,327,0.3960880195599022,0.24095022624434387,0.16235948925024554,-0.028847419193814797
16,328,0.4132029339853301,0.2494343891402715,0.15409924083508142,0.000982059240383342
17,329,0.4132029339853301,0.2485294117647059,0.14619377162629757,-0.03829218564463502
18,330,0.4132029339853301,0.2485294117647059,0.14619377162629757,-0.03829218564463502
19,331,0.4156479217603912,0.25,0.14680483592400692,0.0
20,332,0.4156479217603912,0.25,0.14680483592400692,0.0
21,333,0.4278728606356968,0.2659502262443439,0.20079766665930132,0.06297971057480192
22,334,0.4132029339853301,0.2485294117647059,0.14695652173913043,-0.01296748370599708
23,335,0.42053789731051344,0.25384615384615383,0.15528877352368592,0.05093252636331383
24,336,0.4156479217603912,0.25,0.14756944444444445,0.00720728130240979
25,337,0.4132029339853301,0.2521493212669683,0.1705956375838926,0.008546964175340812
26,338,0.4180929095354523,0.2523755656108597,0.1542201858813701,0.03177209840812316
27,339,0.4156479217603912,0.2509049773755656,0.15354964308890331,0.008332519650439891
28,340,0.4156479217603912,0.25,0.14680483592400692,0.0
29,341,0.4180929095354523,0.2573529411764706,0.1845882747818304,0.032838749563542574
30,342,0.40097799511002447,0.24389140271493215,0.1615680808844373,-0.03575623445009577
31,343,0.4278728606356968,0.2686651583710407,0.21110622802611756,0.0633693614085914
32,344,0.4156479217603912,0.2504524886877828,0.1502350191691613,0.005877486708668882
33,345,0.4180929095354523,0.2523755656108597,0.15502654280026543,0.027225197973363445
34,346,0.4156479217603912,0.25,0.14680483592400692,0.0
35,347,0.4132029339853301,0.2485294117647059,0.14619377162629757,-0.033518634046658835
36,348,0.41075794621026895,0.24705882352941178,0.14558058925476602,-0.054219814887470436
37,349,0.4400977995110024,0.2755656108597285,0.21371982669692594,0.0944890626715793
38,350,0.4156479217603912,0.25,0.14680483592400692,0.0
39,351,0.4156479217603912,0.25,0.14705882352941177,0.004150914433022766
40,352,0.4156479217603912,0.25,0.14680483592400692,0.0
41,353,0.4156479217603912,0.25,0.14680483592400692,0.0
42,354,0.4180929095354523,0.25825791855203617,0.18891961735503468,0.03193065151101325
43,355,0.4132029339853301,0.2498868778280543,0.15622858448183963,-0.003293720159736382
44,356,0.4058679706601467,0.24547511312217196,0.15579606440071558,-0.019866911176381993
45,357,0.39364303178484106,0.23766968325791854,0.15039116588202714,-0.053683479856774005
46,358,0.4156479217603912,0.25,0.14705882352941177,0.004150914433022766
47,359,0.4180929095354523,0.2523755656108597,0.1544192083062946,0.02963252300687686
48,360,0.39853300733496333,0.2419683257918552,0.15842620021629755,-0.043224412726492904
49,361,0.4449877750611247,0.2816742081447964,0.22804865424430643,0.10700383808637572
50,362,0.4132029339853301,0.2485294117647059,0.1467013888888889,-0.017357535803303577
