metric,mean,standard_deviation,minimum,maximum,percentile_2_5,percentile_97_5
validation_accuracy,0.7511002444987774,0.009767468707027284,0.7286063569682152,0.7726161369193154,0.729156479217604,0.7677261613691931
validation_balanced_accuracy,0.7548900136798903,0.012255953404397344,0.7205426356589146,0.7760989512083903,0.7311505927952575,0.7752322731418148
validation_macro_f1,0.7531515441749771,0.01149218347275027,0.7254950924986012,0.7774241121487535,0.732757642936248,0.7717012217517379
validation_weighted_f1,0.7486689700938932,0.009865608655235461,0.7258637722678892,0.7707791183183569,0.7263841971241697,0.7650513261041145
validation_matthews_correlation,0.6330231681482708,0.014601606282407656,0.599308509413535,0.6647344934400985,0.6012750153140416,0.659050552754585
validation_cohen_kappa,0.6287097166548858,0.014551284192091493,0.5940718884120171,0.660768592756428,0.5958445444013949,0.6539667916452914
test_accuracy,0.742200488997555,0.00997950202077741,0.7188264058679706,0.7628361858190709,0.7237163814180929,0.759841075794621
test_balanced_accuracy,0.7459879228614522,0.012079289075135226,0.7219543201896144,0.7675754147812971,0.7239413650075416,0.7656048130790778
test_macro_f1,0.744504683645946,0.01150077120627716,0.7236821766881392,0.7696873618637905,0.7238601186552599,0.7675503311980892
test_weighted_f1,0.7407286354628446,0.00991997641735076,0.717681549110247,0.7618739609676825,0.7216969412596612,0.7587944243620143
test_matthews_correlation,0.6190910376245051,0.014797711082741003,0.5849830522480959,0.6490190186530116,0.5913052490271528,0.6458039970655375
test_cohen_kappa,0.6164753670806202,0.014657581932765056,0.5801421098673523,0.6456027513511099,0.5891453278284202,0.6433310901058403
