repetition,seed,best_epoch,validation_accuracy,validation_balanced_accuracy,validation_macro_f1,validation_weighted_f1,validation_matthews_correlation,validation_cohen_kappa,test_accuracy,test_balanced_accuracy,test_macro_f1,test_weighted_f1,test_matthews_correlation,test_cohen_kappa
1,313,34,0.7603911980440098,0.7748700410396716,0.7721454177988762,0.7584258631385388,0.6467745860234183,0.6428615979542194,0.7310513447432763,0.7354363283775047,0.7341693805601666,0.7290342894649992,0.6020545572728517,0.5997366571471785
2,314,28,0.7457212713936431,0.7570497036023711,0.7561760404122904,0.7442037009552575,0.6244981875753411,0.6216533542063225,0.7383863080684596,0.7478285929756517,0.7487909149673855,0.7379188480152093,0.6130813676376488,0.6116376479775659
3,315,28,0.7555012224938875,0.7665823073415412,0.7625194154661369,0.7525747899452256,0.6405990187810843,0.6342695674723466,0.7432762836185819,0.7489598146951087,0.7515166594035048,0.742852884208078,0.6207372542712403,0.6176753378558838
4,316,29,0.7408312958435208,0.7441085271317829,0.7420336458708713,0.7390623226646379,0.6172107963754037,0.6142608014805324,0.7481662591687042,0.7655042016806723,0.7475912800815285,0.7452057663382972,0.629635705181077,0.6275309013103216
5,317,29,0.7432762836185819,0.7591609667122663,0.7441494121999092,0.7402604067732423,0.6223561439637111,0.6187140421904964,0.7310513447432763,0.739804998922646,0.733466256915837,0.7297122179482389,0.6030217009831816,0.6018936377311742
6,318,32,0.7286063569682152,0.7310100319197446,0.7326101971095189,0.7260453986861393,0.599308509413535,0.5940718884120171,0.7432762836185819,0.7538773971126912,0.7506942845770928,0.7419099900351287,0.6209600531170715,0.6176072516161203
7,319,29,0.7481662591687042,0.7610305517555859,0.7482212992910229,0.7440956302533278,0.6293083873656873,0.6254745245863746,0.7432762836185819,0.7327542555483733,0.7352052261156035,0.7408476836322018,0.6205497247830394,0.6157769009850498
8,320,30,0.7579462102689487,0.7533310533515731,0.7552320788428901,0.7551205405680308,0.6426008519592935,0.6383149770881904,0.7457212713936431,0.7490810170221934,0.7495906145040288,0.7442690865294584,0.6238157884248382,0.6212389695733863
9,321,28,0.7579462102689487,0.7753374373005015,0.7701712131449281,0.7563942357719853,0.6431325900900366,0.6405783979548358,0.7457212713936431,0.750134130575307,0.7489688039213194,0.7444338326972746,0.6240338758466554,0.622127266427994
10,322,31,0.7579462102689487,0.7518239854081168,0.7659719304113647,0.7569796500050455,0.6418767642325532,0.6378523898111048,0.7628361858190709,0.7619338504632622,0.7696873618637905,0.7618739609676825,0.6490190186530116,0.6456027513511099
11,323,26,0.7628361858190709,0.7685886912904696,0.7588743646116491,0.7588857107938642,0.653905659689341,0.6451208930791732,0.7579462102689487,0.7616478129713424,0.7560810810810812,0.7559637877486289,0.6437245453239356,0.6391337284434739
12,324,30,0.7579462102689487,0.7667396260829913,0.7692485972288965,0.7561978817273962,0.6421380852853362,0.6397437608434539,0.7432762836185819,0.7636161387631976,0.754294612994082,0.7407908991462779,0.6212265197605017,0.6194135006513706
13,325,35,0.7628361858190709,0.7516187870497035,0.7551049951075414,0.7607303580904178,0.6494906381970831,0.6465058673628499,0.7457212713936431,0.7531453350570997,0.7511657165891761,0.7450924879141223,0.6242976222909852,0.6228576495101299
14,326,31,0.7408312958435208,0.7316347469220246,0.7337784298921202,0.7381343721093604,0.6169969251015697,0.6126097951087004,0.7408312958435208,0.7373060762766646,0.7401993116923882,0.7398367825659247,0.6164959381080621,0.6139722904868754
15,327,28,0.7530562347188264,0.7509256725946192,0.7486201939644562,0.7506980970308559,0.6357007488987263,0.6320632036482827,0.7237163814180929,0.7310245636716224,0.727433829462508,0.7221230915250078,0.5914297938214171,0.5890361017250578
16,328,28,0.7579462102689487,0.7638668490652074,0.7654007163411018,0.7558632638485465,0.6426350748451581,0.6385990592561519,0.7408312958435208,0.7400210084033614,0.7430365623001456,0.7394873194226101,0.6164951241078713,0.615434425865969
17,329,37,0.7579462102689487,0.7578796169630643,0.7624188342021834,0.7564992421591691,0.6428616899330778,0.6385764781491002,0.7506112469437652,0.7485585003232063,0.7470884786942615,0.748405943224791,0.6315874652922548,0.6277704414861345
18,330,31,0.7677261613691931,0.7744026447788417,0.7640115466517934,0.7639673380060518,0.6595215247535982,0.6533187005362384,0.7530562347188264,0.7581060116354235,0.7504137879226973,0.7506063209411082,0.636014169520452,0.6319583036350678
19,331,29,0.7506112469437652,0.7389876880984951,0.7438974091439094,0.7479295220754505,0.6316135009436132,0.6269015785002012,0.7457212713936431,0.7270528980823099,0.7318383008441018,0.7435877947163599,0.6237747989032163,0.6196641570843541
20,332,39,0.7555012224938875,0.7614614683082536,0.7632616146270019,0.7532933442835198,0.6391181731094409,0.6346811722357691,0.7481662591687042,0.741569704804999,0.7421014682860023,0.7467008644313414,0.6275801246715861,0.6249209811690335
21,333,29,0.7334963325183375,0.7432786137710898,0.736788945587332,0.730237802786844,0.6066529912571815,0.603523563049723,0.7237163814180929,0.7304239388062916,0.7236891377895434,0.7215732202148832,0.5917750409360132,0.5895215510733349
22,334,37,0.7628361858190709,0.7592134062927497,0.7640854517531039,0.7606810049184122,0.6495596402123457,0.6457008644709581,0.7408312958435208,0.7380629174746822,0.7428948502477913,0.7394067651510482,0.6160320787263864,0.6142779611555469
23,335,29,0.7481662591687042,0.7485886912904697,0.7530384664751242,0.7462728667962655,0.6281772846266356,0.62368799521202,0.7530562347188264,0.7551465201465202,0.7588850819446091,0.7520666935043491,0.63466265102752,0.631748324062188
24,336,32,0.7506112469437652,0.7595918832649339,0.760202084604662,0.7489513145463833,0.632661804432601,0.6278434940855322,0.726161369193154,0.723661387631976,0.7301804576738234,0.7253202323962066,0.5947087341062954,0.5908867633005563
25,337,31,0.7481662591687042,0.7389876880984951,0.7407180270777476,0.7458890393550611,0.6279840673128053,0.6241446071215082,0.7432762836185819,0.7458004740357681,0.7469558321881595,0.7421911916931099,0.6205134996374425,0.6169558043080765
26,338,31,0.7506112469437652,0.763641130870953,0.7480154403856999,0.7476199309145867,0.6339290053330788,0.6295224055556543,0.7383863080684596,0.7503355957767722,0.7428649307007698,0.7369381451083103,0.6139565062480199,0.6113996998676932
27,339,39,0.7432762836185819,0.7389876880984951,0.7413226964589277,0.7418597664426275,0.6204536877814013,0.6180901394422311,0.7383863080684596,0.7365923292393881,0.7341980181657526,0.7369855034363519,0.6133868757594056,0.6120954803712141
28,340,31,0.7726161369193154,0.7760989512083903,0.7774241121487535,0.7707791183183569,0.6647344934400985,0.660768592756428,0.7530562347188264,0.7656340228399052,0.7667513042513042,0.7524639175005923,0.6349585453756925,0.6330241813691524
29,341,32,0.7677261613691931,0.7716187870497035,0.7689970286961354,0.7653660323261328,0.6574283158690952,0.6541549471285648,0.7603911980440098,0.7624213531566473,0.758121437315925,0.7595235480062504,0.6464077088614864,0.6445496789755596
30,342,28,0.7555012224938875,0.7472754217966255,0.7505433617440403,0.7536916768668999,0.6385228112975684,0.6358488550162043,0.7408312958435208,0.7567754794225382,0.7494776859297844,0.7397150427326494,0.6177115285897207,0.6166822867853796
31,343,31,0.7286063569682152,0.7489352485180119,0.7332655118949817,0.7258637722678892,0.6005064239512069,0.5972409510290987,0.7286063569682152,0.7384825468648998,0.7341422059634759,0.7275582527583399,0.5989919228484496,0.597355257556407
32,344,41,0.7457212713936431,0.7561149110807113,0.7513953384632541,0.7440312365115994,0.6250580361646091,0.6213367517715342,0.7334963325183375,0.7373594053005816,0.727536640143029,0.7319832040017162,0.6070717994818237,0.6046451818875154
33,345,34,0.7432762836185819,0.7496967624259006,0.7418249543412325,0.7404040223274343,0.6219214288956701,0.6173312541768768,0.7408312958435208,0.7567754794225382,0.7429343532284708,0.7397577173932703,0.6187133325300748,0.6178176625116805
34,346,27,0.7481662591687042,0.7635727314181486,0.7580878726682362,0.7455771851872506,0.628607585100013,0.624536541889483,0.7237163814180929,0.7249057315233787,0.7236821766881392,0.722433983567561,0.5912690908610759,0.5895725842976014
35,347,32,0.7506112469437652,0.7433310533515731,0.7495770673816906,0.7486832457756766,0.6308098115032073,0.6282116407774778,0.7457212713936431,0.7434146735617324,0.7469933591414094,0.7439836671461529,0.623853889011907,0.6224961615946467
36,348,35,0.7555012224938875,0.7560465116279069,0.7548165154950869,0.7518590685391243,0.6401713917061516,0.6339291308278213,0.7188264058679706,0.7259690799396682,0.7244490527482838,0.717681549110247,0.5849830522480959,0.5801421098673523
37,349,33,0.7579462102689487,0.772327861377109,0.7589505846543617,0.755408948378208,0.6438952115895065,0.6409926763960065,0.7383863080684596,0.750639948287007,0.7326679343578528,0.7358924936434394,0.6153666870316465,0.6138104482880339
38,350,31,0.7555012224938875,0.7595234838121295,0.7580836897771556,0.752898454068926,0.6400721263184646,0.634628956325207,0.7506112469437652,0.7530753070458952,0.7548865457678537,0.7495358955933639,0.6311366004869776,0.6289556539836704
39,351,31,0.7506112469437652,0.7470497036023711,0.740289541964283,0.7479839299474274,0.6331025156127029,0.62827458388281,0.7506112469437652,0.7675754147812971,0.7552320677094133,0.7485036974734061,0.6324860071062102,0.6304282347938556
40,352,32,0.7603911980440098,0.7619288645690834,0.7581698365285545,0.7571865104067077,0.6473707413052471,0.6419683611580066,0.7432762836185819,0.749664942900237,0.7463268064972646,0.7404671531233308,0.6208919914847408,0.6160997631073168
41,353,32,0.7408312958435208,0.7492293661650706,0.7471402576665734,0.7384696397693439,0.6176156925179956,0.6131317818389492,0.7457212713936431,0.7492291531997414,0.7567957558188854,0.745190907503485,0.6234597845840084,0.6200480567391091
42,354,29,0.7359413202933985,0.7391609667122663,0.7430202521633731,0.7338243911803146,0.6091051841045002,0.6059554500932212,0.7432762836185819,0.7369747899159664,0.7392838347100671,0.7408108065288789,0.6199038323973768,0.6176481062696986
43,355,28,0.7310513447432763,0.7205426356589146,0.7254950924986012,0.72755116952183,0.6039223855638056,0.5954391360256099,0.7383863080684596,0.7494306184012066,0.7544347367606304,0.7368316943230404,0.6124759865833972,0.6086509398529858
44,356,29,0.7530562347188264,0.7571181030551756,0.7570699168556312,0.7502195129613921,0.6364746362427292,0.6302684221360995,0.7432762836185819,0.7363660848954967,0.7409895654826597,0.7417676317546775,0.6202699648156094,0.6163227016885553
45,357,37,0.7579462102689487,0.7544026447788418,0.7608465126521966,0.756014708258207,0.6430105347408753,0.6373334049871022,0.7359413202933985,0.7523287007110536,0.7448354488832706,0.7347100457344232,0.6104670480255986,0.6094498771020849
46,358,35,0.7506112469437652,0.7475854993160055,0.7499314758380926,0.7480941701227094,0.6324196433731177,0.6268381695230598,0.7334963325183375,0.7219543201896144,0.7348264515960014,0.7327293843265019,0.604766239580995,0.6012397248633709
47,359,36,0.7457212713936431,0.7517715458276334,0.7498989605056825,0.7432206303733989,0.6263769895801843,0.6199054588996417,0.7310513447432763,0.7320243482008189,0.7276242788708163,0.7309306882212896,0.6033540608496017,0.6012514624029495
48,360,30,0.7481662591687042,0.7545075239398085,0.743172320384345,0.7451757154006887,0.6292703544141446,0.6257673071627179,0.7555012224938875,0.7545108812755872,0.752304027925146,0.7539090487958353,0.638962533816474,0.6357775126008514
49,361,36,0.7481662591687042,0.7564455084359325,0.7565434895211756,0.7456325351137719,0.6278026741655063,0.6246736932137098,0.7506112469437652,0.7509690799396681,0.7501539642571873,0.7486328424504751,0.6312063498146449,0.6288269051114374
50,362,28,0.7506112469437652,0.767517099863201,0.7650150502443533,0.7486394364251279,0.6318930824640866,0.6282646469146803,0.7579462102689487,0.7555289808230985,0.767782306763285,0.7562829984763119,0.6412733904276684,0.6370993762099376
