epoch,train_loss,train_accuracy,validation_loss,validation_accuracy,learning_rate
1,1.3848466284421026,0.22857142857142856,1.3617821072016485,0.2787286063569682,0.0001
2,1.3425209327619902,0.3183673469387755,1.3127543185917265,0.3154034229828851,0.0001
3,1.284931704462791,0.3746938775510204,1.2457209280475718,0.4058679706601467,0.0001
4,1.2245060305692712,0.4097959183673469,1.1843459501243163,0.4889975550122249,0.0001
5,1.17530532126524,0.4326530612244898,1.1391044619030941,0.5012224938875306,0.0001
6,1.1362689879962375,0.4546938775510204,1.105282657303845,0.5012224938875306,0.0001
7,1.1157893683959026,0.45224489795918366,1.0779524645187453,0.5183374083129584,0.0001
8,1.0938905979662525,0.4489795918367347,1.0526584083701696,0.5232273838630807,0.0001
9,1.0547383255861242,0.48489795918367345,1.0320729171734275,0.5330073349633252,0.0001
10,1.0398423339882676,0.48653061224489796,1.0099477765029683,0.5330073349633252,0.0001
11,1.0189456616615762,0.4995918367346939,0.9923063376713499,0.5599022004889975,0.0001
12,1.0047615168045978,0.5216326530612245,0.9770225044567602,0.5476772616136919,0.0001
13,0.9795339209692818,0.529795918367347,0.9652919437016718,0.5476772616136919,0.0001
14,0.9700577655617072,0.5265306122448979,0.9537183629271454,0.5427872860635696,0.0001
15,0.9553316610686633,0.5551020408163265,0.9424098951600874,0.5525672371638142,0.0001
16,0.9501363007876338,0.5404081632653062,0.9380411116593041,0.5476772616136919,0.0001
17,0.9446344480709153,0.5469387755102041,0.9282167040922823,0.5599022004889975,0.0001
18,0.9343821015163344,0.5697959183673469,0.9234858859139141,0.5525672371638142,0.0001
19,0.9256538062192956,0.5518367346938775,0.9183155113152595,0.5599022004889975,0.0001
20,0.9190473095738158,0.5706122448979591,0.908927271301997,0.5599022004889975,0.0001
21,0.9069161240421996,0.5608163265306122,0.9015963606554604,0.5599022004889975,0.0001
22,0.9067588594981603,0.5714285714285714,0.8945461221604009,0.5843520782396088,0.0001
23,0.8923602495388109,0.5746938775510204,0.8864167487125817,0.5916870415647921,0.0001
24,0.8978192271505083,0.5877551020408164,0.8804437456912109,0.5941320293398533,0.0001
25,0.883112260468152,0.5869387755102041,0.8730413144258532,0.5941320293398533,0.0001
26,0.8719140101452263,0.5910204081632653,0.8708720688132027,0.5965770171149144,0.0001
27,0.8737198457425954,0.5779591836734694,0.8639626510277354,0.6014669926650367,0.0001
28,0.8686658705010706,0.6097959183673469,0.8553635666014804,0.5965770171149144,0.0001
29,0.8693617140516943,0.590204081632653,0.8588767907147302,0.5941320293398533,0.0001
30,0.8600570444184906,0.5959183673469388,0.852812194008116,0.6063569682151589,0.0001
31,0.8553166321345738,0.6089795918367347,0.8476288961314922,0.6161369193154034,0.0001
32,0.8477228078550222,0.6114285714285714,0.8455058767626513,0.6063569682151589,0.0001
33,0.8606889476581495,0.5910204081632653,0.8389534789950457,0.6161369193154034,0.0001
34,0.835706581728799,0.6146938775510205,0.837304279827547,0.6185819070904646,0.0001
35,0.8513701853460195,0.6065306122448979,0.8396511023959787,0.6112469437652812,0.0001
36,0.8208176155966156,0.626938775510204,0.8391878040903646,0.6112469437652812,0.0001
37,0.829531265570193,0.6302040816326531,0.8305929376035565,0.6136919315403423,0.0001
38,0.8256732592290762,0.6130612244897959,0.8260406416027937,0.6136919315403423,0.0001
39,0.8348035006620446,0.6122448979591837,0.82943999519558,0.6161369193154034,0.0001
40,0.8242792097889647,0.6089795918367347,0.8245856522930863,0.6136919315403423,0.0001
41,0.8125682363704759,0.6187755102040816,0.8259907328412119,0.6161369193154034,0.0001
42,0.81494151555762,0.6253061224489795,0.822180171176099,0.6136919315403423,0.0001
43,0.8129137754440308,0.6195918367346939,0.8215569499652369,0.6234718826405868,0.0001
44,0.818243979045323,0.6163265306122448,0.8151247132669742,0.6234718826405868,0.0001
45,0.8152517529896327,0.6334693877551021,0.8135168052535768,0.6161369193154034,0.0001
46,0.8204741989349832,0.6146938775510205,0.8127249272353492,0.6234718826405868,0.0001
47,0.8090352660782483,0.6318367346938776,0.8168958645578118,0.6210268948655256,0.0001
48,0.8097480100028369,0.6244897959183674,0.8098235002065346,0.6259168704156479,0.0001
49,0.8088998134768739,0.6310204081632653,0.8075839759085173,0.6259168704156479,0.0001
50,0.7923361113120099,0.6391836734693878,0.8145780301035762,0.6259168704156479,0.0001
51,0.7895322513093753,0.6326530612244898,0.8099200301473473,0.6259168704156479,0.0001
52,0.7863349632827603,0.6318367346938776,0.812318008511457,0.6259168704156479,0.0001
53,0.7960302469195152,0.6424489795918368,0.8041863483729748,0.6308068459657702,0.0001
54,0.798891973300856,0.6318367346938776,0.8084018312048504,0.6185819070904646,0.0001
55,0.7833574057598504,0.6318367346938776,0.80653590852882,0.628361858190709,0.0001
56,0.7850968378417346,0.6465306122448979,0.8072190992989575,0.6259168704156479,0.0001
57,0.7787726876200461,0.6383673469387755,0.806594425352395,0.628361858190709,0.0001
58,0.7898491655320538,0.6351020408163265,0.8049765103895099,0.6210268948655256,0.0001
59,0.7789382965710698,0.64,0.8017215606344358,0.6210268948655256,0.0001
60,0.7802255585728859,0.6351020408163265,0.7961793670152977,0.6308068459657702,0.0001
61,0.7637631411941684,0.6440816326530612,0.7954191763709985,0.6259168704156479,0.0001
62,0.7742137446208877,0.6522448979591837,0.7963883800290907,0.6185819070904646,0.0001
63,0.775145584807104,0.649795918367347,0.8011168451355839,0.6185819070904646,0.0001
64,0.7746753186109114,0.6522448979591837,0.7919764052393384,0.6234718826405868,0.0001
65,0.7646626294389063,0.6473469387755102,0.7940496211384211,0.6210268948655256,0.0001
66,0.7675892909692258,0.6334693877551021,0.7912174609004723,0.6234718826405868,0.0001
67,0.7505406248326204,0.6473469387755102,0.7915800510379679,0.6259168704156479,0.0001
68,0.7675152574266706,0.6555102040816326,0.791521453478517,0.6259168704156479,0.0001
69,0.7675434116927945,0.6587755102040816,0.7963604226817712,0.628361858190709,0.0001
70,0.755303940189128,0.6636734693877551,0.7916962304733202,0.6356968215158925,0.0001
71,0.7508789274643879,0.6587755102040816,0.7910504396503887,0.6332518337408313,0.0001
72,0.7732684266810514,0.6465306122448979,0.7897681407357194,0.628361858190709,0.0001
73,0.7557120162126969,0.6310204081632653,0.7917519096640327,0.6308068459657702,0.0001
74,0.7553569615617091,0.6506122448979592,0.7870029857368516,0.6259168704156479,0.0001
75,0.7473943709354012,0.6620408163265306,0.792809216856665,0.6234718826405868,0.0001
76,0.7562233050015508,0.649795918367347,0.7881609258266999,0.628361858190709,0.0001
77,0.7596189177766138,0.636734693877551,0.786840246548571,0.628361858190709,0.0001
78,0.7566940341676984,0.6579591836734694,0.7887526607017937,0.6308068459657702,0.0001
79,0.7488626869843931,0.6571428571428571,0.7930882250329976,0.6356968215158925,0.0001
80,0.7277007328734106,0.6644897959183673,0.7864257699120015,0.6356968215158925,0.0001
81,0.7544961938079523,0.6538775510204081,0.7860880840961391,0.6356968215158925,0.0001
82,0.738282770502324,0.6579591836734694,0.7897664140226789,0.6332518337408313,0.0001
83,0.7375827750381159,0.6489795918367347,0.7821693633179793,0.6332518337408313,0.0001
84,0.7314239422155886,0.6677551020408163,0.7852598064394627,0.6454767726161369,0.0001
85,0.7317410611619755,0.6685714285714286,0.784861511589554,0.628361858190709,0.0001
86,0.721298858876131,0.6742857142857143,0.782558848922002,0.6430317848410758,0.0001
87,0.7297360811914716,0.673469387755102,0.786407409641154,0.6356968215158925,0.0001
88,0.7362776730011921,0.6530612244897959,0.7891601524463784,0.628361858190709,0.0001
89,0.725140769822257,0.6808163265306122,0.782319215515715,0.6430317848410758,5e-05
90,0.7227887528769824,0.6693877551020408,0.7828461782856501,0.6356968215158925,5e-05
91,0.7156816872285336,0.6751020408163265,0.78232873345937,0.6454767726161369,5e-05
92,0.7361569240141888,0.6579591836734694,0.784287512375265,0.6332518337408313,5e-05
93,0.7277519979282301,0.6604081632653062,0.7842800419750307,0.6356968215158925,5e-05
94,0.7264599328381675,0.6661224489795918,0.7813897029403369,0.6405867970660146,5e-05
95,0.7174128603935241,0.6628571428571428,0.783817065957123,0.6430317848410758,5e-05
96,0.7146948654797612,0.6791836734693878,0.7846747583602635,0.628361858190709,5e-05
97,0.717581243369044,0.6775510204081633,0.7840258370547539,0.6308068459657702,5e-05
98,0.7216059779147712,0.6751020408163265,0.7794184361955647,0.6405867970660146,5e-05
99,0.7149163893777497,0.673469387755102,0.7810279098874491,0.6405867970660146,5e-05
100,0.7090571206929732,0.6751020408163265,0.7805660565208398,0.6381418092909535,5e-05
