run,feature_count,split,accuracy,balanced_accuracy,macro_precision,macro_recall,macro_f1,weighted_precision,weighted_recall,weighted_f1,matthews_correlation,cohen_kappa,loss,samples
C1,45,train,0.7012244897959183,0.7090170414693586,0.7231584140997205,0.7090170414693586,0.7114754180190404,0.7029840351271207,0.7012244897959183,0.6978386940715416,0.5570536057783979,0.5543253847155525,0.6606974682029413,1225
C1,45,validation,0.6405867970660146,0.683499772001824,0.670811411992263,0.683499772001824,0.6726820708731068,0.6415215296070522,0.6405867970660146,0.6380078467089099,0.4687096806558305,0.4671647346591513,0.7794184361955647,409
C1,45,test,0.5990220048899756,0.574876104287869,0.5917488841907447,0.574876104287869,0.5769639556881503,0.600099591468216,0.5990220048899756,0.5937156360809572,0.4018112489743376,0.3987235110617089,0.8390865435227205,409
C2,180,train,0.8938775510204081,0.8979754899227554,0.9052515118145626,0.8979754899227554,0.9014851625372887,0.8940560955118163,0.8938775510204081,0.8938415818398571,0.8438062866060759,0.8437001594896332,0.3437323523297602,1225
C2,180,validation,0.7383863080684596,0.7231053351573187,0.754820390169525,0.7231053351573187,0.7353321236990237,0.7429835365408813,0.7383863080684596,0.7365818453176661,0.612333624100878,0.6087314146751424,0.6347929202111251,409
C2,180,test,0.684596577017115,0.6706108597285068,0.6974008502654794,0.6706108597285068,0.6797979094932949,0.6898155843003552,0.684596577017115,0.6825727373406858,0.5311062813947108,0.527400573271229,0.7117541620375766,409
C3,215,train,0.8677551020408163,0.8708965543803268,0.8841039429399015,0.8708965543803268,0.8766613186649793,0.869764042606587,0.8677551020408163,0.8677727875687791,0.8052861052307442,0.8043447397375882,0.34474839940363045,1225
C3,215,validation,0.7579462102689487,0.75734382124943,0.7659023926265306,0.75734382124943,0.7557766289619418,0.765807668429707,0.7579462102689487,0.7565207740415876,0.6433528419856216,0.6393683535510073,0.6130627339801462,409
C3,215,test,0.7041564792176039,0.7153436759319112,0.7068793368292812,0.7153436759319112,0.7083332695006587,0.7046355046311531,0.7041564792176039,0.7023863120626058,0.5630800454155865,0.5617960614861515,0.7016456912665612,409
C4,265,train,0.8840816326530613,0.8981177850562441,0.9053808300611421,0.8981177850562441,0.9016358682945058,0.8845217687789256,0.8840816326530613,0.8841888868387345,0.8293923619644442,0.8292949326257177,0.3410832616747642,1225
C4,265,validation,0.7555012224938875,0.7514614683082536,0.7728287938683978,0.7514614683082536,0.7561357278115735,0.7628236828895282,0.7555012224938875,0.7529530836121915,0.6391766841297373,0.6342270475236544,0.606722602561517,409
C4,265,test,0.7359413202933985,0.7428943115707821,0.7462279161250147,0.7428943115707821,0.7414394409331089,0.740154208701295,0.7359413202933985,0.7352194776598193,0.6097649478454942,0.6076564373584403,0.6824010613495097,409
C5,300,train,0.889795918367347,0.8848596226458063,0.9019859905843868,0.8848596226458063,0.8928813358152184,0.8906428001737191,0.889795918367347,0.8897269201623914,0.8375734794424189,0.8371624968121758,0.32652008426432705,1225
C5,300,validation,0.7603911980440098,0.7748700410396716,0.7822900430374613,0.7748700410396716,0.7721454177988762,0.7677224917035294,0.7603911980440098,0.7584258631385388,0.6467745860234183,0.6428615979542194,0.6024269189840424,409
C5,300,test,0.7310513447432763,0.7354363283775047,0.7408902537253322,0.7354363283775047,0.7341693805601666,0.7339552083753879,0.7310513447432763,0.7290342894649992,0.6020545572728517,0.5997366571471785,0.6661668158976548,409
