candidate,n_estimators,max_depth,min_samples_leaf,max_features,validation_accuracy,validation_balanced_accuracy,validation_macro_f1,selected
1,300,,1,sqrt,0.726161369193154,0.7471340629274966,0.7686454787321942,True
2,300,,1,0.5,0.7188264058679706,0.7480688554491564,0.764098648660258,False
3,300,,2,sqrt,0.7212713936430318,0.7361992704058368,0.7613868878062984,False
4,300,,2,0.5,0.7237163814180929,0.7420132238942088,0.763129048261324,False
5,300,,4,sqrt,0.7017114914425427,0.7200911992704058,0.7447675584875354,False
6,300,,4,0.5,0.7163814180929096,0.7376698586411308,0.7585954803753139,False
7,300,10.0,1,sqrt,0.706601466992665,0.7300911992704058,0.7518797087659557,False
8,300,10.0,1,0.5,0.6992665036674817,0.729623803009576,0.7484886915148675,False
9,300,10.0,2,sqrt,0.7139364303178484,0.7303169174646602,0.7548411920420122,False
10,300,10.0,2,0.5,0.7041564792176039,0.7264409484724123,0.7487731615645946,False
11,300,10.0,4,sqrt,0.6992665036674817,0.7090880072959417,0.736810332179768,False
12,300,10.0,4,0.5,0.6992665036674817,0.7225649794801642,0.7450844912327348,False
13,300,20.0,1,sqrt,0.7237163814180929,0.7451960784313726,0.7668388064971752,False
14,300,20.0,1,0.5,0.7212713936430318,0.7485362517099863,0.7652075206527054,False
15,300,20.0,2,sqrt,0.7139364303178484,0.7313201094391245,0.7556728329907597,False
16,300,20.0,2,0.5,0.7188264058679706,0.7386046511627906,0.7596824452242519,False
17,300,20.0,4,sqrt,0.6992665036674817,0.7186206110351118,0.7431677116587531,False
18,300,20.0,4,0.5,0.7163814180929096,0.7376698586411308,0.7585954803753139,False
