candidate,C,gamma,validation_accuracy,validation_balanced_accuracy,validation_macro_f1,selected
1,0.01,scale,0.43073047858942065,0.25,0.1505281690140845,False
2,0.01,0.0001,0.43073047858942065,0.25,0.1505281690140845,False
3,0.01,0.001,0.43073047858942065,0.25,0.1505281690140845,False
4,0.01,0.01,0.43073047858942065,0.25,0.1505281690140845,False
5,0.01,0.1,0.43073047858942065,0.25,0.1505281690140845,False
6,0.01,1.0,0.43073047858942065,0.25,0.1505281690140845,False
7,0.1,scale,0.5919395465994962,0.3681704260651629,0.331535382936147,False
8,0.1,0.0001,0.43073047858942065,0.25,0.1505281690140845,False
9,0.1,0.001,0.43073047858942065,0.25,0.1505281690140845,False
10,0.1,0.01,0.5163727959697733,0.3110380116959064,0.25894538606403017,False
11,0.1,0.1,0.5969773299748111,0.3928353079668869,0.38868524280803823,False
12,0.1,1.0,0.43073047858942065,0.25,0.1505281690140845,False
13,1.0,scale,0.72544080604534,0.7234620642515379,0.7562893313381137,False
14,1.0,0.0001,0.43073047858942065,0.25,0.1505281690140845,False
15,1.0,0.001,0.5314861460957179,0.3223997493734336,0.27590016366612113,False
16,1.0,0.01,0.6977329974811083,0.6135157970684286,0.6671311029025297,False
17,1.0,0.1,0.7380352644836272,0.7340178096757044,0.756063337468257,False
18,1.0,1.0,0.6171284634760705,0.4071295663400927,0.40673055344144565,False
19,10.0,scale,0.7581863979848866,0.7790024303182198,0.7997078251708019,True
20,10.0,0.0001,0.5214105793450882,0.3155806182121972,0.2674885675441849,False
21,10.0,0.001,0.6750629722921915,0.5849424698108909,0.637709565103709,False
22,10.0,0.01,0.7531486146095718,0.7793242576137313,0.7985624774011837,False
23,10.0,0.1,0.7481108312342569,0.779322358927622,0.7933618674525467,False
24,10.0,1.0,0.6171284634760705,0.41799574694311536,0.4237409932617718,False
25,100.0,scale,0.7304785894206549,0.7658426368952684,0.7775427587431527,False
26,100.0,0.0001,0.6574307304785895,0.5690305308726361,0.6209914696673524,False
27,100.0,0.001,0.7204030226700252,0.7455589731905521,0.7680883740452191,False
28,100.0,0.01,0.7657430730478589,0.7869579251158199,0.794004626807029,False
29,100.0,0.1,0.7103274559193955,0.7491161616161616,0.7592757539007309,False
30,100.0,1.0,0.6171284634760705,0.41799574694311536,0.4237409932617718,False
31,1000.0,scale,0.7027707808564232,0.743269157742842,0.7555321097715053,False
32,1000.0,0.0001,0.7052896725440806,0.7387379433432064,0.7581107516662193,False
33,1000.0,0.001,0.7455919395465995,0.7757518796992481,0.7930205995175239,False
34,1000.0,0.01,0.7531486146095718,0.7799717095769727,0.7817710079653334,False
35,1000.0,0.1,0.690176322418136,0.7372626642363485,0.7465831146990831,False
36,1000.0,1.0,0.6171284634760705,0.41799574694311536,0.4237409932617718,False
