feature,minimum,maximum,mean,population_std,constant,finite
morphology_area_fraction,0.00074005126953125,0.976898193359375,0.4138729377406751,0.27692502399611324,False,True
morphology_width_fraction,0.05859375,1.0,0.8546389347772883,0.21522147239105988,False,True
morphology_height_fraction,0.07421875,1.0,0.893023624877631,0.16754027698777954,False,True
morphology_normalized_perimeter,0.6049077542181793,48.3539504353582,14.399880891041207,7.4370384510420475,False,True
morphology_solidity,0.04330580308628559,0.976898193359375,0.5408286173925183,0.18922741190810494,False,True
morphology_eccentricity,0.0476981069549094,0.9932368190387618,0.589831859589212,0.19628560021686436,False,True
color_exg_mean,-0.055143533951089584,1.246170805594356,0.2823854179897865,0.09290173793191414,False,True
color_exg_std,0.02277391102828308,0.47535416730433844,0.11212614484385892,0.02196473333158313,False,True
color_hsv_saturation_mean,0.03105290655557931,0.9291110502690384,0.521654729041605,0.12098913546385266,False,True
color_hsv_saturation_std,0.059607925322623524,0.26980525781589415,0.13739085840279058,0.023144244621388036,False,True
color_hsv_value_mean,0.009399636566984592,0.673142086791838,0.4672506472986221,0.07573775449030255,False,True
color_hsv_value_std,0.0023292068998336003,0.2772471925191831,0.18317090564888874,0.03197322827609794,False,True
glcm_contrast_mean,0.0,37.560783771699704,16.54163054485537,5.798245297987892,False,True
glcm_contrast_std,0.0,16.315754390870485,6.648443087326974,2.4117460993210122,False,True
glcm_dissimilarity_mean,0.0,4.275971473047418,2.6936530362671425,0.5955219801423765,False,True
glcm_dissimilarity_std,0.0,1.0564730239157303,0.6322786722585442,0.14925088872720668,False,True
glcm_homogeneity_mean,0.2615086891820406,1.0,0.39034224590586764,0.07927496724189356,False,True
glcm_homogeneity_std,0.0,0.08862832470329327,0.06407700382847525,0.00959738124685171,False,True
glcm_energy_mean,0.051513958358500284,1.0,0.08755031993382667,0.0366024830809562,False,True
glcm_energy_std,0.0,0.02212998994167928,0.00980686005889402,0.0030837112766423347,False,True
glcm_correlation_mean,0.5150448826021817,1.0,0.7389410510008594,0.0609723155797907,False,True
glcm_correlation_std,0.0,0.18951800394493656,0.10435913679295476,0.023085215057555532,False,True
